Estacao,Data,Hora,DirecaoVento,VelocidadeVentoMaximaMedia,EvaporacaoPiche,EvapoBHPotencial,EvapoBHReal,InsolacaoTotal,NebulosidadeMedia,NumDiasPrecipitacao,PrecipitacaoTotal,PressaoNivelMarMedia,PressaoMedia,TempMaximaMedia,TempCompensadaMedia,TempMinimaMedia,UmidadeRelativaMedia,VisibilidadeMedia,Nada
83190,30/04/1961,0000,14,5,91.6,,,,3.872093,5,16.2,,970.901163,30.317241,24.097931,20.406897,78.775862,,
83190,31/05/1961,0000,14,7,103.8,,,,4.55914,6,21.9,,972.812903,29.093548,23.072903,19.470968,79.774194,,
83190,30/06/1961,0000,14,6,68.6,,,,4.844444,19,67.4,,974.436667,26.55,21.308667,18.513333,84.616667,,
83190,31/07/1961,0000,14,5,65.6,,,,4.322581,18,47,,975.410753,25.019355,19.956774,16.977419,84.274194,,
83190,31/08/1961,0000,14,5,103.7,,,,4.172043,8,14.1,,975.522581,26.716129,20.67871,16.767742,77.040323,,
83190,30/09/1961,0000,14,5,139,,,,3.333333,0,0,,973.236667,29.89,22.52,17.99,72.041667,,
83190,31/10/1961,0000,14,5,141.5,,,,3.827957,8,33.2,,972.244086,29.874194,23.129677,19.190323,74.379032,,
83190,31/12/1961,0000,14,5,160.4,,,,4.5,4,9.2,,970.23913,31.545161,24.785806,20.577419,73.241935,,
83190,31/01/1962,0000,14,5,161.8,,,,3.817204,4,75.4,,968.93871,33.322581,26.132903,21.545161,72.919355,,
83190,28/02/1962,0000,14,5,163.8,,,,3.392857,3,5.5,,969.616667,33.453571,26.008571,21.396429,76.732143,,
83190,31/03/1962,0000,14,6,122.4,,,,3.978495,10,135.2,,970.344086,30.596774,24.800645,21.190323,82.330645,,
83190,31/05/1962,0000,0,4,66.7,,,,5.467391,11,117.6,,972.634783,27.2,22.347097,19.583871,85.25,,
83190,30/06/1962,0000,0,5,42.5,,,,5.322222,16,107.5,,974.446667,24.69,20.47,18.2,88.133333,,
83190,31/07/1962,0000,0,5,41.5,,,,5.462366,19,136.1,,975.692473,24.377419,19.918065,17.370968,88.516129,,
83190,31/08/1962,0000,14,5,66.8,,,,4.311828,18,64.7,,974.92043,26.067742,20.556774,17.583871,84.379032,,
83190,30/09/1962,0000,14,6,,,,,3.716418,4,7.3,,973.541791,28.682609,22.034545,18.147826,83.068182,,
83190,31/10/1962,0000,14,6,139.3,,,,3.419355,5,25,,972.621505,30.703226,23.605806,19.596774,81.814516,,
83190,30/11/1962,0000,14,5,107.7,,,,4.355556,6,97,,970.214444,30.173333,23.918,20.22,82.233333,,
83190,31/12/1962,0000,14,5,108.5,,,,4.290323,8,30,,970.239785,30.996774,24.617419,20.945161,81.967742,,
83190,31/01/1963,0000,0,5,129.1,,,,3.333333,4,102.4,,969.270968,32.912903,25.079355,20.535484,78.943548,,
83190,28/02/1963,0000,0,6,86.4,,,,4.404762,8,165.8,,969.953571,30.846429,24.393571,20.775,82.357143,,
83190,31/03/1963,0000,0,5,95.7,,,,3.752688,7,19.1,,970.955914,30.509677,24.267742,20.670968,81.548387,,
83190,31/05/1963,0000,0,5,38.8,,,,5.913043,22,154.1,,973.63913,25.241935,21.139355,18.790323,90.685484,,
83190,30/06/1963,0000,0,5,48.2,,,,5.466667,11,25.5,,975.47,25.266667,20.546667,17.903333,89.683333,,
83190,31/07/1963,0000,0,5,48.6,,,,4.593023,14,53.1,,975.451163,24.735714,19.547857,16.637931,88.705357,,
83190,31/08/1963,0000,14,5,97.1,,,,4.375,8,42,,975.20375,27.222222,20.487407,16.374074,82.037037,,
83190,30/09/1963,0000,14,5,156.1,,,,4.022222,6,15.4,,973.918889,29.44,22.104667,17.683333,78.616667,,
83190,31/10/1963,0000,14,5,221.1,,,,3.107527,1,0.4,,972.793548,32.306452,24.143226,19.296774,72.072581,,
83190,30/11/1963,0000,0,5,182.2,,,,4.022222,10,81,,970.383333,32.68,25.120667,20.693333,76.083333,,
83190,31/12/1963,0000,0,5,121.4,,,,5.903226,17,180.5,,970.486022,29.929032,24.001935,20.280645,80.653226,,
83190,31/01/1964,0000,0,4,88.7,,,,5.419355,13,133.6,,970.013978,30.374194,24.923226,21.667742,82.314516,,
83190,29/02/1964,0000,0,5,91.7,,,,4.08046,10,84.3,,969.194253,30.97931,24.946207,21.475862,79.543103,,
83190,31/03/1964,0000,0,4,65.9,,,,5.215054,20,114.4,,971.516129,29.525806,24.032903,20.977419,85,,
83190,31/05/1964,0000,0,5,42.1,,,,6.717391,24,233,,973.004348,27.122581,22.472258,19.996774,89.685484,,
83190,30/06/1964,0000,0,5,52.3,,,,5.344444,11,84,,973.793333,25.876667,21.169333,18.323333,87.816667,,
83190,31/07/1964,0000,0,5,44.9,,,,6.215054,19,113.4,,974.674194,25.3,20.551613,18.051613,89.274194,,
83190,31/08/1964,0000,14,5,58.3,,,,5.172043,21,130.5,,975.409677,25.793548,20.529032,17.567742,87.354839,,
83190,30/09/1964,0000,14,5,84.2,,,,4.788889,15,56.7,,975.067778,27.04,21.016667,17.353333,83.325,,
83190,31/10/1964,0000,14,5,120.6,,,,4.494624,8,107,,972.113978,28.929032,22.623226,19.064516,80.25,,
83190,30/11/1964,0000,0,5,112.1,,,,5.544444,9,129.9,,970.98,29.086667,23.004667,19.633333,80.183333,,
83190,31/12/1964,0000,0,5,140.3,,,,3.956989,5,143.5,,969.654839,30.935484,23.775484,19.758065,77.685484,,
83190,31/01/1965,0000,,,,,,,,,0,,,,,,,,
83190,28/02/1965,0000,,5,,,,,,3,39.9,,969.781538,32.095455,24.896364,20.768182,79.965909,,
83190,31/03/1965,0000,14,5,184.1,,,,3.602151,1,1,,970.452688,33.222581,25.659355,21.270968,73.870968,,
83190,30/04/1965,0000,0,5,98.6,,,,4.844444,11,82,,970.795556,30.673333,24.362,21.026667,82.55,,
83190,31/05/1965,0000,14,5,113.2,,,,4.096774,12,33.2,,972.5,29.470968,23.05871,19.364516,78.225806,,
83190,30/06/1965,0000,0,5,70.9,,,,5.466667,18,94.6,,975.695556,26.706667,21.559333,18.643333,86.941667,,
83190,31/07/1965,0000,0,5,91.4,,,,4.688172,16,81.9,,975.595699,26.832258,21.027097,17.854839,84.846774,,
83190,31/08/1965,0000,14,5,106.5,,,,4.473118,9,30.8,,974.970968,27.616129,21.12,17.3,82.572581,,
83190,30/09/1965,0000,14,5,138.6,,,,4.411111,12,38.1,,974.481111,28.913333,22.222,18.336667,78.733333,,
83190,31/10/1965,0000,14,5,157,,,,4.365591,11,70.1,,971.877419,31.058065,24.002581,20.03871,77.959677,,
83190,30/11/1965,0000,14,5,161.8,,,,5.044444,10,164.2,,971.457778,30.796667,24.173333,20.15,77.866667,,
83190,31/12/1965,0000,14,5,193.9,,,,3.784946,2,5.1,,971.424731,32.041935,25.093548,20.519355,72.669355,,
83190,31/01/1966,0000,14,5,209.8,,,,4.55914,6,31.8,,971.011828,33.190323,25.847097,21.141935,69.403226,,
83190,28/02/1966,0000,0,5,85.5,,,,5.357143,16,236.9,,971.633333,29.696429,23.972857,20.746429,81.169643,,
83190,31/03/1966,0000,0,5,105.3,,,,4.193548,12,92.9,,971.432258,30.3,24.050968,20.380645,79.903226,,
83190,30/04/1966,0000,0,4,64.9,,,,5.888889,18,433.8,,971.351111,28.883333,23.528667,20.41,84.708333,,
83190,31/05/1966,0000,0,5,54.9,,,,6.043011,17,187.4,,973.48172,27.241935,22.354194,19.635484,85.927419,,
83190,30/06/1966,0000,0,5,44.2,,,,5.811111,17,81.9,,975.131111,25.82,21.078667,18.503333,87.166667,,
83190,31/07/1966,0000,0,5,52.8,,,,5.978495,26,101.1,,976.424731,24.903226,20.037419,17.106452,86.508065,,
83190,31/08/1966,0000,14,5,80.3,,,,5.096774,16,69.5,,976.166667,25.751613,20.308387,16.622581,82.008333,,
83190,30/09/1966,0000,0,5,104.1,,,,4.944444,11,34.4,,975.257778,27.343333,21.446,17.486667,80.283333,,
83190,31/10/1966,0000,14,5,188.5,,,,3.870968,6,66.3,,972.35914,30.874194,23.686452,19.141935,75.629032,,
83190,30/11/1966,0000,0,5,127,,,,5.244444,11,81,,970.835556,29.933333,23.678,19.833333,76.416667,,
83190,31/12/1966,0000,0,4,143.1,,,,4.946237,8,169.4,,969.873118,30.887097,24.352258,20.53871,78.201613,,
83190,31/01/1967,0000,0,5,197.2,,,,3.365591,2,7.6,,970.583871,32.448387,25.251613,20.548387,70.33871,,
83190,28/02/1967,0000,0,5,157.4,,,,4.309524,10,49,,970.355952,32.95,25.662857,21.214286,73.223214,,
83190,31/03/1967,0000,0,5,140.7,,,,4.870968,17,168.5,,970.378495,31.087097,24.784516,21.054839,78.604839,,
83190,30/04/1967,0000,0,5,76.7,,,,5.144444,14,156.7,,971.045556,29.46,23.980667,20.9,84.141667,,
83190,31/05/1967,0000,0,4,55.4,,,,5.634409,17,99.4,,972.775269,27.393548,22.358065,19.787097,87.741935,,
83190,30/06/1967,0000,0,5,61.1,,,,5.744444,19,189.6,,974.067778,26.43,21.476667,18.486667,85.8,,
83190,31/07/1967,0000,0,4,66,,,,5.107527,20,90.5,,975.28172,25.270968,20.031613,16.86129,85.225806,,
83190,31/08/1967,0000,14,5,76.6,,,,5.043011,16,81.4,,975.868817,25.8,20.17871,16.767742,83.33871,,
83190,30/09/1967,0000,0,4,88.5,,,,4.677778,8,55.8,,974.222222,28.123333,21.81,17.916667,80.116667,,
83190,31/10/1967,0000,14,5,121.5,,,,4.677419,11,78.7,,973.696774,28.974194,22.493548,18.63871,77.596774,,
83190,30/11/1967,0000,0,4,109,,,,4.655556,9,70.3,,969.723333,30.386667,23.660667,19.543333,76.35,,
83190,31/01/1968,0000,14,6,98.9,,,,4.5,9,49,,971.180435,30.53871,24.07871,20.203226,75.983871,,
83190,29/02/1968,0000,0,5,90.9,,,,5.517241,13,117.3,,970.266667,30.513793,24.304828,20.841379,79.5625,,
83190,31/03/1968,0000,0,4,70.3,,,,5.645161,21,252.7,,971.355914,28.741935,23.270323,20.080645,84.209677,,
83190,30/04/1968,0000,0,4,84.2,,,,4.7,6,32.4,,971.422222,29.383333,23.416,19.966667,81.683333,,
83190,31/05/1968,0000,0,5,43,,,,7.451613,23,138.7,,973.63871,25.483871,21.303871,19.1,88.524194,,
83190,30/06/1968,0000,0,4,31.9,,,,7.688889,22,155.3,,975.887778,23.85,19.856667,17.53,89.133333,,
83190,31/07/1968,0000,0,8,53.6,,,,5.817204,25,107.7,,976.680645,24.651613,19.667742,16.887097,86.016129,,
83190,31/08/1968,0000,14,7,58.5,,,,6.376344,18,54.8,,975.624731,24.854839,19.947742,17.077419,84.725806,,
83190,30/09/1968,0000,14,9,108.8,,,,4.866667,9,34.2,,974.468889,27.24,21.090667,17.563333,77.541667,,
83190,31/10/1968,0000,14,9,111.7,,,,4.494624,6,58.3,,972.03871,29.422581,23.169032,19.587097,76.508065,,
83190,30/11/1968,0000,0,9,121.5,,,,6.566667,13,155.6,,970,29.176667,23.508,20.38,78.408333,,
83190,31/12/1968,0000,14,8,117.9,,,,6.075269,9,32.8,,970.330108,30.590323,24.384516,20.683871,73.895161,,
83190,31/01/1969,0000,0,7,139.2,,,,5.580645,12,113.4,,968.875269,30.958065,24.636774,20.809677,73.524194,,
83190,28/02/1969,0000,0,9,103.7,,,,5.142857,7,131.6,,968.953571,30.992857,24.67,20.825,73.919643,,
83190,31/03/1969,0000,0,4,80.5,,,,5.849462,17,242.1,,969.670968,29.696774,24.427097,21.470968,80.903226,,
83190,30/04/1969,0000,0,4,61.3,,,,5.255556,15,93.2,,970.156667,29.1,23.805333,20.946667,83.758333,,
83190,31/05/1969,0000,0,5,47.7,,,,6.698925,25,179.8,,972.017204,26.816129,22.674839,20.503226,87.685484,,
83190,30/06/1969,0000,0,6,54.1,,,,5.922222,25,103.7,,973.262222,26.55,21.835333,19.196667,84.583333,,
83190,31/07/1969,0000,0,5,68.1,,,,5.064516,19,54.9,,975.149462,26.403226,21.007097,18.009677,83.153226,,
83190,31/08/1969,0000,14,5,90.4,,,,4.032258,10,40.9,,973.803226,27.093548,21.061935,17.464516,79.056452,,
83190,30/09/1969,0000,14,5,,,,,4.029412,2,14.6,,973.320588,28.872727,22.070476,18.0375,73.738095,,
83190,31/10/1969,0000,14,6,206.6,,,,3.172043,4,3.6,,970.421505,31.796774,24.225161,19.887097,70.282258,,
83190,30/11/1969,0000,14,5,226.8,,,,3.433333,3,15.3,,969.494444,32.64,25.026,20.246667,64.333333,,
83190,31/12/1969,0000,0,4,138.6,,,,5.591398,14,254.8,,969.665591,30.074194,24.181935,20.512903,76.177419,,
83190,28/02/1970,0000,0,5,113.9,,,,3.915663,7,30.5,,970.460241,30.65,24.488571,20.646429,75.223214,,
83190,31/03/1970,0000,0,5,106.5,,,,4.483871,10,52.2,,970.302151,30.506452,24.26129,20.458065,77.58871,,
83190,30/04/1970,0000,0,5,101.9,,,,4.755556,11,81.8,,970.626667,,,20.1,78.166667,,
83190,31/05/1970,0000,0,4,102.7,,,,4.344086,10,59.4,,971.897849,,,18.967742,78.33871,,
83190,30/06/1970,0000,0,4,73.1,,,,4.466667,11,46.7,,973.312222,,,18.216667,80.3,,
83190,31/07/1970,0000,14,5,58.2,,,,5.473118,21,97.5,,975.012903,,,17.529032,83.637097,,
83190,31/08/1970,0000,14,5,72,,,,5.086022,11,75.6,,973.852688,26.080645,20.492258,17.222581,81.532258,,
83190,30/09/1970,0000,14,5,,,,,3.328358,1,1.7,,972.862687,28.895455,22.180909,18.190909,71.318182,,
83190,31/10/1970,0000,,,,,,,,1,1,,,,,,,,
83190,30/11/1970,0000,,,,,,,,2,100,,,,,,,,
83190,31/12/1970,0000,,,,,,,,,0,,,,,,,,
83190,31/01/1977,0000,9,7.8,106.9,,,162.2,8.630435,14,112,,970.76413,29.954839,24.414194,21.045161,87.209677,,
83190,28/02/1977,0000,14,7.8,63.8,,,161.5,7.702381,20,116.7,,972.707143,28.910714,23.622143,20.442857,91.375,,
83190,31/03/1977,0000,9,6,125.4,,,267.1,6.344086,7,11.3,,971.44086,31.83871,24.995484,20.796774,84.959677,,
83190,30/04/1977,0000,14,8,88.8,,,187.8,7.622222,16,71.1,,971.156667,30.186667,24.527333,21.32,90.133333,,
83190,31/05/1977,0000,18,5.8,56.4,,,126.8,8.537634,18,91.7,,973.404301,27.33871,22.609677,19.996774,90.064516,,
83190,30/06/1977,0000,18,6.6,54.2,,,160.5,7.822222,18,39.3,,974.932222,26.89,21.958667,19.436667,87.208333,,
83190,31/07/1977,0000,14,7,69.2,,,155.3,7.612903,18,95.6,,976.05914,25.63871,20.754839,17.93871,85.362903,,
83190,31/08/1977,0000,14,5.8,98.2,,,194.1,6.172043,10,25.4,,975.117204,27.203226,21.385806,17.648387,78.540323,,
83190,30/09/1977,0000,14,7,124.3,,,188.8,7.177778,9,36.6,,974.76,28.743333,22.567333,18.52,76.15,,
83190,31/10/1977,0000,9,7,101.1,,,160.1,8.181818,10,62.7,,973.526136,28.676667,23.263448,19.96,79.465517,,
83190,30/11/1977,0000,9,8.1,180.2,,,237.3,5.888889,3,26.1,,971.175556,31.983333,25.139333,21.436667,69.65,,
83190,31/12/1977,0000,9,7.1,127.2,,,174.9,7.473118,13,244.5,,971.015054,30.667742,24.76129,21.277419,76.983871,,
83190,31/01/1978,0000,9,6.1,106.4,,,240.5,6.634409,9,57.7,,972.224731,30.33871,24.5,20.909677,77.258065,,
83190,28/02/1978,0000,9,6.8,81.3,,,152,7.714286,12,155.9,,971.511905,29.289286,24.257857,21.25,81.785714,,
83190,31/03/1978,0000,14,5.5,67.2,,,184.6,8,16,124.5,,972.222581,28.73871,23.849677,20.816129,83.532258,,
83190,30/04/1978,0000,9,5.6,69.7,,,187.3,7.966667,12,95.3,,971.431111,28.91,23.788667,20.806667,83.65,,
83190,31/05/1978,0000,14,6,50.3,,,146.3,8.978495,18,165.4,,972.447312,27.287097,22.945161,20.377419,88.330645,,
83190,30/06/1978,0000,14,6.6,44.3,,,152.8,7.988889,21,114.7,,975.794444,25.636667,21.381333,18.86,88.208333,,
83190,31/07/1978,0000,14,6.6,58.8,,,166.8,7.827957,20,65.6,,974.591398,26.46129,21.656129,19.116129,86.862903,,
83190,31/08/1978,0000,14,6.6,65,,,168.1,7.225806,16,42.3,,976.61828,25.909677,20.688387,17.548387,84.774194,,
83190,30/09/1978,0000,14,6.6,92.8,,,177.4,7.111111,11,48.1,,975.37,27.15,21.516,18.066667,80.866667,,
83190,31/10/1978,0000,14,6,136.2,,,242.2,6.623656,6,43.4,,972.739785,29.93871,23.50129,19.754839,75.040323,,
83190,30/11/1978,0000,9,9.6,159.8,,,227.4,6.322222,8,73.1,,971.781111,30.746667,24.158667,20.323333,72.766667,,
83190,31/12/1978,0000,14,5.8,103.8,,,,7.150538,12,118,,971.483871,29.709677,24.019355,20.651613,77.274194,,
83190,31/01/1979,0000,9,7.8,112.3,,,,7.075269,10,114.1,,970.145161,30.9,24.816129,21.348387,74.983871,,
83190,28/02/1979,0000,9,8.6,73.7,,,,7.940476,14,130,,970.688095,30.2,24.39,21.175,78.651786,,
83190,31/03/1979,0000,9,6.6,121.9,,,199.9,6.634409,12,99.3,,971.022581,30.251613,24.524516,21.125806,77.427419,,
83190,30/04/1979,0000,14,7,88.1,,,186.3,6.911111,11,27.1,,972.01,30.15,24.302667,20.896667,77.3,,
83190,31/05/1979,0000,14,5.6,85.7,,,189,7.865169,16,38.2,,973.216471,28.777419,23.233571,19.945161,79.857143,,
83190,30/06/1979,0000,14,5.6,52.3,,,113.4,8.088889,18,169,,976.231111,25.983333,21.038,18.476667,87.391667,,
83190,31/07/1979,0000,14,7.3,58.9,,,173.7,7.107527,8,51,,977.129032,26.241935,20.865806,18.019355,83.177419,,
83190,31/08/1979,0000,14,7,91.9,,,161.2,7.204301,14,28.8,,974.729032,27.303226,21.406452,18.170968,78.782258,,
83190,30/09/1979,0000,14,6,120.3,,,184.3,6.727273,10,39.5,,974.608046,28.2,22.184828,18.39,75.616667,,
83190,31/10/1979,0000,9,6.8,205.7,,,237,5.619565,6,17.1,,972.582796,31.383871,24.143226,20.009677,68.056452,,
83190,30/11/1979,0000,9,6.6,160.5,,,164.5,7.688889,13,63,,970.526667,31.21,24.708667,21.046667,71.258333,,
83190,31/12/1979,0000,5,6.6,187.6,,,229.6,6.516129,4,2,,970.741935,32.877419,25.923871,21.741935,63.709677,,
83190,31/01/1980,0000,9,7.1,122,,,173.7,8.258065,14,274.7,,971.043011,31.112903,25.11871,21.535484,73.620968,,
83190,29/02/1980,0000,9,6.6,58.7,,,94.1,8.988506,20,375.9,,970.356322,28.996552,24.157241,21.493103,84.12931,,
83190,31/03/1980,0000,9,6.8,78.4,,,184.5,7.55914,15,79.5,,972.31828,29.396774,23.862581,20.570968,80.527778,,
83190,30/04/1980,0000,14,5.8,108.4,,,190.7,6.911111,6,15.4,,972.225843,30.53,24.29931,20.74,75.925,,
83190,31/05/1980,0000,14,6.1,80.3,,,183.2,7.408602,18,41.3,,974.244086,28.612903,22.972258,20.16129,83.572581,,
83190,30/06/1980,0000,14,6,80.6,,,171,6.644444,16,44.5,,975.573333,27.456667,22.037333,19.296667,81.633333,,
83190,31/07/1980,0000,14,5.5,79.5,,,170.5,7.129032,16,64.6,,976.084946,26.635484,21.134839,18.051613,82.153226,,
83190,31/08/1980,0000,9,6.6,121.2,,,209.7,6.172043,10,41.3,,976.143011,27.996774,21.582581,17.951613,76.314516,,
83190,30/09/1980,0000,14,7.3,107.1,,,161.8,7.322222,13,27.3,,974.186667,28.67,22.835333,19.663333,76.533333,,
83190,31/10/1980,0000,9,7.3,157.6,,,215.5,6.516129,9,14.9,,973.715054,30.390323,23.68,19.822581,70.830645,,
83190,30/11/1980,0000,9,7,123.8,,,142.5,7.711111,12,45.8,,971.064444,30.623333,24.543333,21.373333,74.875,,
83190,31/12/1980,0000,5,7.3,175.6,,,219.2,7.247312,10,19.2,,970.047312,32.53871,25.642581,22.041935,67.564516,,
83190,31/01/1986,0000,9,5.8,141.7,,,235.2,6.869565,7,28.4,,970.783696,31.696774,25.169677,21.390323,74.596774,,
83190,28/02/1986,0000,9,7.6,145,,,188.2,6.97619,7,20.7,,970.303571,32.55,25.757857,21.889286,73.491071,,
83190,31/03/1986,0000,14,8.3,109.5,,,167.6,7.526882,16,62.4,,970.941935,30.835484,24.949032,21.648387,80.08871,,
83190,30/04/1986,0000,9,6.6,102.6,,,189.4,7.033333,10,53,,970.533333,30.546667,24.647333,21.576667,80.033333,,
83190,31/05/1986,0000,14,6,98.4,,,197,6.72043,13,29.9,,971.933333,29.509677,23.665161,20.477419,81.951613,,
83190,31/07/1986,0000,18,6.6,65.6,,,138.3,7.858696,11,31.8,,976.690217,26.335484,21.348387,18.66129,85.201613,,
83190,31/08/1986,0000,9,6.3,92.3,,,175.3,6.989247,16,46.9,,974.339785,27.941935,22.124516,19.2,80.620968,,
83190,31/10/1986,0000,9,7.6,121.4,,,165.5,7.706522,14,108.6,,972.88587,29.364516,23.8024,20.584,75.23913,,
83190,31/12/1986,0000,9,6.3,141,,,220.7,7.48913,8,75.6,,971.370652,31.858065,,,,,
83190,31/01/1987,0000,9,7.5,170.7,,,258.7,6.193548,3,3.7,,971.350538,33.61,,,,,
83190,28/02/1987,0000,14,8.3,145,,,216.2,6.940476,9,40.8,,971.863095,33.321429,,,,,
83190,31/03/1987,0000,14,7,118.4,,,188,8.086022,13,117.6,,970.069892,32.293548,,,,,
83190,30/04/1987,0000,14,7.1,90.7,,,170.7,7.133333,20,94.7,,971.671111,30.64,,,,,
83190,31/05/1987,0000,9,6.6,75.5,,,185.6,6.677419,17,72.2,,972.051613,28.841935,,,,,
83190,30/06/1987,0000,14,9.3,51.9,,,123.3,8.033333,18,65.9,,974.997778,27.21,22.011,19.135,89.7875,,
83190,31/07/1987,0000,14,5.8,72,,,191.1,7.043011,7,19.9,,974.330108,27.864516,22.303871,18.748387,82.290323,,
83190,31/08/1987,0000,,,107.6,,,193.4,6.645161,10,39,,974.495699,28.258065,22.332903,18.641935,79.314516,,
83190,30/09/1987,0000,,,133.3,,,203.4,6.511111,10,12.1,,973.9,30.603333,24.015333,19.74,74.141667,,
83190,31/10/1987,0000,9,6.6,201.2,,,275.7,5.344086,2,4.6,,970.865591,33.432258,25.616129,20.567742,65.08871,,
83190,30/11/1987,0000,9,7,190.9,,,225.4,6.844444,3,45.4,,970.426667,33.426667,26.178667,21.816667,67.966667,,
83190,31/12/1987,0000,9,6.6,189.1,,,207.4,7.526882,5,45.2,,970.622581,33.587097,26.497419,22.122581,67.024194,,
83190,31/01/1988,0000,9,7,155.5,,,253.5,7.172043,8,109.2,,970.513978,33.232258,26.44,21.993548,69.532258,,
83190,29/02/1988,0000,9,7.1,160.1,,,180.3,6.174419,7,37.5,,969.3,33.8,26.557931,21.868966,67.741379,,
83190,31/03/1988,0000,9,6.1,107.6,,,191.1,7.903226,15,84.9,,970.396774,32.009677,25.996129,22.035484,76.548387,,
83190,30/04/1988,0000,14,5,82.5,,,174.9,7.733333,20,90.8,,970.82,30.78,25.282,21.633333,81.533333,,
83190,31/05/1988,0000,,,68.3,,,188.1,6.967742,15,71.5,,972.402151,28.568966,23.794483,20.116129,82.846774,,
83190,30/06/1988,0000,14,6.3,50.4,,,132.9,8.622222,19,126,,974.192222,,,18.81,87.833333,,
83190,31/08/1988,0000,14,6,57,,,148.7,7.956522,22,47.2,,975.682609,,,16.706452,87.790323,,
83190,30/09/1988,0000,14,6.3,91.2,,,188.9,6.88764,9,41.2,,974.151111,,,17.72,79.166667,,
83190,31/10/1988,0000,9,7.5,121.8,,,179.3,7.182796,11,35.8,,971.289247,,,19.6,77.91129,,
83190,30/11/1988,0000,9,7.1,143.6,,,191.1,6.311111,13,38,,971.243333,,,20.406897,73.965517,,
83190,31/12/1988,0000,9,5.6,94.8,,,183.9,7.666667,15,127.6,,969.873118,,,20.593548,79.975806,,
83190,31/01/1989,0000,9,6.5,144.5,,,226,6.591398,11,21.4,,970.123656,,,21.077419,71.225806,,
83190,31/03/1989,0000,9,7,105.4,,,180.8,7.891304,15,158.3,,969.346739,,,21.474194,77.919355,,
83190,31/01/1993,0000,9,6.6,218.7,,,205.5,5.902174,,13.3,,972.188043,32.477419,25.109677,19.16129,64.241935,,
83190,28/02/1993,0000,9,6.5,212.8,,,202.2,5.071429,,13.6,,971.392857,33.539286,25.818571,19.496429,61.214286,,
83190,31/03/1993,0000,9,6.1,200.9,,,246.6,4.677419,,0.7,,971.888172,34.3,26.158065,19.612903,57.870968,,
83190,30/04/1993,0000,,,188.7,,,196.5,5.733333,,13.2,,971.383333,32.703333,25.638667,19.91,61.391667,,
83190,31/05/1993,0000,,,136.5,,,171.6,6.634409,,41.5,,972.917204,29.641935,23.800645,18.880645,70.669355,,
83190,30/06/1993,0000,14,5.5,130.4,,,144.3,6.911111,19,46,,974.993333,27.786667,22.162,17.27,78.625,,
83190,31/07/1993,0000,14,5.5,161.6,,,202.9,5.096774,,43.9,,975.894624,28.33871,21.950968,16.303226,74.669355,,
83190,31/08/1993,0000,,5.5,90.8,,,162.9,7.268817,,69.3,,975.988172,27.445161,21.848387,17.003226,78.427419,,
83190,30/09/1993,0000,,,136.7,,,208.9,6.055556,,9.8,,973.631111,30.896667,23.87,18.223333,69.216667,,
83190,31/10/1993,0000,,,127.6,,,210.7,6.193548,15,39,,973.272043,30.590323,24.133548,18.696774,71.548387,,
83190,30/11/1993,0000,,,159.6,,,204.4,5.955556,,19.7,,971.267778,31.796667,25.053333,19.316667,66.741667,,
83190,31/12/1993,0000,,,195.1,,,265.8,5.569892,,16,,970.408602,34.090323,26.215484,19.958065,61.508065,,
83190,31/01/1994,0000,,,192.9,,,271.1,5.333333,,17.4,,969.484946,34.977419,27.007097,20.748387,60.870968,,
83190,28/02/1994,0000,,,141.7,,,198,6.369048,,55.6,,970.866667,33.4,26.26,20.207143,66.6875,,
83190,31/03/1994,0000,,,148.2,,,219.4,6.365591,,50.4,,970.74086,33.612903,26.682581,20.945161,68.16129,,
83190,30/04/1994,0000,,,69.8,,,154.1,7.733333,20,173.3,,972.197778,29.413333,24.295333,19.69,83.758333,,
83190,31/05/1994,0000,,,57,,,170.3,6.591398,,37.9,,973.554839,28.467742,23.244516,18.454839,85.330645,,
83190,30/06/1994,0000,,,38.2,,,124.8,7.077778,20,97.5,,974.98,27.236667,22.228667,17.746667,88.025,,
83190,31/07/1994,0000,,,,,,130.4,7.139785,24,124.5,,976.384946,25.777419,20.931613,16.441935,88.096774,,
83190,31/08/1994,0000,,4.6,66.4,,,,5.741935,,18.2,,976.252688,27.012903,20.967097,15.806452,80.25,,
83190,30/09/1994,0000,,,89.1,,,,6.133333,,28.6,,975.668889,28.676667,22.017333,16.57,77.391667,,
83190,31/01/1995,0000,,,150.9,,,268.5,6.228261,,43.1,,972.047826,33.764516,26.152903,19.948387,65.475806,,
83190,28/02/1995,0000,,,145.1,,,215.8,6.547619,,86.8,,971.428571,34.45,26.850714,20.842857,63.446429,,
83190,31/03/1995,0000,,,137.5,,,244.3,6.923077,,59.2,,970.658065,33.154839,26.34,20.783871,67.774194,,
83190,30/04/1995,0000,,,77.3,,,185,7.5,16,92.6,,970.688889,30.92,24.869333,20.193333,79.683333,,
83190,31/05/1995,0000,,,71.5,,,162.7,7.44086,15,81.2,,972.337634,29.783871,24.296129,19.912903,81.217742,,
83190,30/06/1995,0000,,,47,,,127.6,7.820225,21,77.2,,975.244444,26.946667,21.781333,17.81,87.875,,
83190,31/07/1995,0000,,,57.1,,,151.8,7.430108,23,66,,975.431183,26.458065,21.230323,16.754839,83.741935,,
83190,31/08/1995,0000,,,77.3,,,164,7.268817,15,22.6,,975.735484,27.625806,21.563871,16.219355,78.080645,,
83190,30/09/1995,0000,,,116.1,,,194.8,6.477778,,17.7,,975.984444,29.21,22.629333,17.176667,72.233333,,
83190,31/10/1995,0000,,,175.6,,,274.2,4.462366,,0.2,,972.060215,32.629032,24.787742,18.629032,62.887097,,
83190,30/11/1995,0000,,,122.3,,,157.5,7.244444,20,190.3,,971.707778,31.176667,24.389333,19.146667,72.766667,,
83190,31/12/1995,0000,,,129.1,,,224,6.505376,,56.6,,970.893548,32.009677,25.307742,19.425806,71.41129,,
83190,31/01/1996,0000,,,143.5,,,260.8,5.709677,,30.9,,970.592473,32.529032,25.532903,19.577419,66.846774,,
83190,29/02/1996,0000,,,157.4,,,275.8,5.689655,,7.8,,970.228736,33.927586,26.604138,20.831034,63.87931,,
83190,31/03/1996,0000,,,155.1,,,250.7,6.129032,,18.2,,970.253763,34.235484,26.840645,20.490323,64.056452,,
83190,30/04/1996,0000,,,77.6,,,172.3,7.688889,16,107.8,,971.651111,29.95,24.794,21.27,79.641667,,
83190,31/05/1996,0000,,,73.8,,,168.4,7.978495,,23.4,,973.435484,28.496774,23.439355,20.058065,81.854839,,
83190,30/06/1996,0000,,,35.6,,,93.2,7.966667,21,138.8,,975.664444,25.356667,21.347333,18.7,89.291667,,
83190,31/07/1996,0000,,,57.8,,,150.5,7.387097,16,35.2,,976.952688,26.23871,21.086452,17.774194,82.83871,,
83190,31/08/1996,0000,,,57.9,,,136.1,7.430108,,69.3,,976.25914,26.13871,21.315484,17.822581,83.193548,,
83190,30/09/1996,0000,,,76.1,,,169.2,7.377778,16,63.8,,974.761111,28.226667,22.408,18.25,78.358333,,
83190,31/10/1996,0000,,,149.9,,,230.4,6,,2.9,,972.577419,31.925806,24.754194,20.006452,67.524194,,
83190,30/11/1996,0000,,,122.9,,,156.4,7.9,16,137.7,,970.566667,30.7,24.643333,20.313333,72.7,,
83190,31/12/1996,0000,,,137,,,255.3,6.129032,,19.7,,970.786022,32.493548,25.977419,21.464516,68.241935,,
83190,31/01/1997,0000,,,125.7,,,194.9,7.215054,,135.1,,970.147312,32.322581,25.828387,22.087097,72.83871,,
83190,28/02/1997,0000,,,66.7,,,163.7,7.214286,19,98.3,,972.065476,29.664286,24.524286,21.432143,81.267857,,
83190,31/03/1997,0000,,,58.8,,,159.4,8.11828,17,451.7,,970.995699,29.225806,24.305806,21.229032,84.451613,,
83190,30/04/1997,0000,,,58.3,,,158.2,7.825581,,39.8,,972.638372,28.889286,23.948889,20.507143,82.342593,,
83190,31/05/1997,0000,14,4,,,,106.9,8.75,22,88.2,,974.728261,26.287097,22.452258,20.209677,88.209677,,
83190,30/06/1997,0000,9,4.8,,,,138.6,6.922222,,48.7,,973.855556,27.07,22.207333,18.536667,84.116667,,
83190,31/07/1997,0000,14,4.6,,,,147.6,7.096774,22,79.2,,976.062366,26.145161,21.080645,18.264516,84.612903,,
83190,31/08/1997,0000,14,6.3,,,,204.8,6.053763,16,21.8,,977.15914,26.96129,21.227742,17.777419,79.451613,,
83190,30/09/1997,0000,9,5.3,,,,241,4.179775,,0.7,,973.134444,31.566667,24.354,20.156667,69.55,,
83190,31/10/1997,0000,9,6.6,,,,233.6,5.365591,,16,,971.492473,33.203226,25.460645,20.345161,68.169355,,
83190,30/11/1997,0000,9,8.3,,,,256,5.159091,,9,,971.263333,34.42,26.196667,20.57,66.366667,,
83190,31/12/1997,0000,9,6.3,,,,248.3,6.44086,,67.7,,970.922581,34.306452,26.912258,22.509677,66.814516,,
83190,31/01/1998,0000,9,6.3,,,,210.2,7.236559,,182.3,,970.330108,34.245161,27.338065,23.283871,68.387097,,
83190,28/02/1998,0000,9,5.8,,,,230.2,6.595238,,32.6,,971.7,34.521429,27.565714,23.260714,65.883929,,
83190,31/03/1998,0000,9,9,,,,236.6,6.150538,,49.6,,971.011828,33.983871,27.405806,23.106452,69.645161,,
83190,30/04/1998,0000,14,5.3,,,,225.9,6.3,,52.4,,971.514444,32.926667,26.480667,22.44,72.641667,,
83190,31/05/1998,0000,14,4.6,,,,164.9,7.182796,15,40.8,,974.06129,29.706452,24.353548,21.093548,80.830645,,
83190,30/06/1998,0000,14,5,,,,107.2,8.355556,20,102.4,,976.387778,25.973333,22.102667,19.773333,88.416667,,
83190,31/07/1998,0000,14,6.6,,,,110.8,8.172043,20,76.2,,976.113978,26.232258,21.828387,19.43871,91.137097,,
83190,31/08/1998,0000,14,5,,,,194.6,6.860215,17,65.1,,975.444086,27.63871,22.210323,18.890323,82.16129,,
83190,30/09/1998,0000,14,6.6,,,,202.4,6.077778,,21.8,,974.682222,29.736667,23.354667,19.403333,75.741667,,
83190,31/10/1998,0000,9,6.6,,,,246.5,6.086022,,17.4,,973.010753,32.274194,25.112903,20.554839,66.790323,,
83190,30/11/1998,0000,9,5.6,,,,191.2,7.644444,,20.6,,969.765556,33.28,26.598,22.496667,64.091667,,
83190,31/12/1998,0000,9,6.6,,,,209.2,6.652174,,42,,970.376344,32.977419,26.491613,22.235484,66.177419,,
83190,31/01/1999,0000,9,5.8,,,,238,6.608696,,49,,970.046237,33.812903,26.695484,22.187097,65.5,,
83190,28/02/1999,0000,9,6.6,,,,188.6,7.035714,,27.1,,970.636905,32.757143,26.433571,22.532143,68.4375,,
83190,31/03/1999,0000,9,5.8,,,,255.5,6.784946,,35.1,,969.592473,34.045161,26.984516,22.632258,65.717742,,
83190,30/04/1999,0000,14,4.6,,,,199.5,7.333333,,84.5,,972.177778,31.583333,25.546667,21.77,75.316667,,
83190,31/05/1999,0000,14,6.4,,,,154,8.032258,16,100.9,,973.341935,28.419355,23.500645,20.683871,84.669355,,
83190,30/06/1999,0000,14,4.3,,,,141.7,8.255556,17,54.5,,974.343333,27.603333,22.584667,19.86,85.575,,
83190,31/07/1999,0000,14,4.6,,,,168,7.516129,18,72.4,,976.67957,27.13871,21.687742,18.570968,81.709677,,
83190,31/08/1999,0000,14,5,,,,140.4,8.666667,22,124,,976.851613,25.441935,20.692903,17.712903,84.870968,,
83190,30/09/1999,0000,14,6.3,,,,169.5,7.355556,,45.6,,974.271111,27.87,22.137333,18.143333,77.266667,,
83190,31/10/1999,0000,14,6,,,,172.2,7.827957,,83.7,,972.932258,28.367742,23.081935,19.712903,77.5,,
83190,30/11/1999,0000,9,5,,,,188.7,8.944444,,121,,971.387778,29.883333,24.248667,20.873333,78.008333,,
83190,31/12/1999,0000,9,5.8,,,,155.6,8.311828,,44.5,,970.760215,30.887097,25.123871,21.596774,76.379032,,
83190,31/01/2000,0000,9,5,,,,214.2,7.27957,8,60,,969.990323,31.629032,25.631613,21.703226,72.959677,,
83190,29/02/2000,0000,9,5.5,,,,210,7.229885,11,82.1,,971.205747,32.113793,26.033103,21.989655,71.603448,,
83190,31/03/2000,0000,9,5,,,,206.4,7.107527,6,41.6,,970.501075,31.283871,25.470323,21.664516,73.016129,,
83190,30/04/2000,0000,14,5.5,,,,172,7.933333,12,88,,971.763333,30.026667,24.644667,21.51,79.891667,,
83190,31/05/2000,0000,18,4.5,,,,181.9,7.634409,17,96,,973.110753,28.467742,23.456129,20.332258,82.145161,,
83190,30/06/2000,0000,18,6,,,,128.7,7.9,17,84.2,,974.868889,26.36,22.022667,19.353333,84.958333,,
83190,31/07/2000,0000,14,5.5,,,,149,6.516129,15,37.4,,974.691398,26.493548,21.305806,18.16129,86.354839,,
83190,31/08/2000,0000,14,4.8,,,,148.8,7.397849,18,64.8,,975.636559,26.554839,21.492258,18.593548,86.427419,,
83190,30/09/2000,0000,14,5.5,,,,152.9,7.622222,13,97.1,,974.422222,27.28,22.282667,19.23,81.841667,,
83190,31/10/2000,0000,9,5.5,,,,239.9,5.010753,6,15.3,,973.478495,30.554839,24.10129,20.029032,71.693548,,
83190,30/11/2000,0000,9,5.5,,,,179.3,7.133333,12,212.3,,970.826667,30.453333,24.642,21.113333,77.491667,,
83190,31/12/2000,0000,5,5,128.2,,,194.7,6.935484,11,138.5,,971.655914,30.664516,24.923871,21.3,74.41129,,
83190,31/01/2001,0000,9,5,122.2,,,235.7,6.021505,9,40,,973.053763,31.141935,24.780645,20.754839,74.306452,,
83190,28/02/2001,0000,9,5,155.3,,,211.3,5.654762,6,10.6,,971.365476,33.457143,26.225714,21.721429,64.142857,,
83190,31/03/2001,0000,9,6,125.9,,,211.8,6.978495,10,186.9,,972.204301,31.987097,25.545161,21.816129,70.217742,,
83190,30/04/2001,0000,14,5,95.6,,,198.8,7.211111,9,43.1,,973.28,30.63,24.409333,20.666667,76.041667,,
83190,31/05/2001,0000,9,4.5,124,,,216.1,6.505376,6,14.7,,973.164516,32.141935,25.260645,21.177419,70.741935,,
83190,30/06/2001,0000,14,4.1,68.8,,,145.1,7.377778,18,132.4,,975.935556,27.436667,22.235333,19.193333,81.725,,
83190,31/07/2001,0000,14,4.3,64.5,,,157.8,7.580645,15,78.1,,976.66129,26.870968,21.837419,18.832258,81.653226,,
83190,31/08/2001,0000,14,5,63.9,,,118.9,7.892473,20,91.4,,978.673118,25.677419,21.000645,18.077419,84.008065,,
83190,30/09/2001,0000,9,4.5,77.7,,,164.1,7.566667,11,83.3,,975.033333,27.486667,22.438,19.383333,78.956897,,
83190,31/10/2001,0000,9,5,112.3,,,194.9,6.741935,11,106.8,,973.763441,29.570968,23.769677,20.53871,74.080645,,
83190,30/11/2001,0000,9,5,175.1,,,252.3,6.188889,1,0.6,,971.868889,32.143333,25.398,21.2,63.375,,
83190,31/12/2001,0000,9,8.3,163,,,203.7,6.677419,7,52.9,,971.572043,32.322581,25.769677,22.193548,69.645161,,
83190,31/01/2002,0000,9,5,83.4,,,173.5,7.384409,19,276.8,,971.453763,29.909677,24.66129,21.583871,79.179032,,
83190,28/02/2002,0000,9,4.6,99.5,,,224,6.315476,8,81.9,,972.003571,31.139286,25.114286,21.396429,72.526786,,
83190,31/03/2002,0000,9,5,137,,,229.9,6.395161,7,51.3,,971.902151,31.967742,25.689677,21.719355,67.782258,,
83190,30/04/2002,0000,14,5.5,113.2,,,187.7,6.513889,6,17.7,,971.733333,30.88,24.936,21.366667,71.975,,
83190,31/05/2002,0000,14,4,88.5,,,175.5,6.52957,13,43.1,,974.030108,29,23.583871,20.332258,77.217742,,
83190,30/06/2002,0000,14,4,52.2,,,115.2,8.122222,22,106.7,,976.717778,27.5,22.6075,19.69,84.8,,
83190,31/07/2002,0000,14,4,55.9,,,113.4,7.580645,22,98,,977.074194,26.780645,21.889032,19.235484,84.653226,,
83190,31/08/2002,0000,14,5.5,75.3,,,193.7,7.021505,23,60.4,,977.210753,27.641935,21.736774,18.258065,80.75,,
83190,30/09/2002,0000,9,5.5,113.6,,,183.2,7.1,9,31.8,,975.054444,29.553333,23.447333,19.726667,78.65,,
83190,31/10/2002,0000,9,5.5,172,,,249.7,6.064516,3,1.6,,973.664516,31.796774,24.574839,20.122581,71.467742,,
83190,30/11/2002,0000,9,6,179.2,,,223.1,6.688889,7,27.8,,973.077778,32.456667,25.356,21.24,70.866667,,
83190,31/12/2002,0000,9,5.5,179.2,,,221.7,6.795699,4,104.7,,972.03871,33.583871,26.287742,21.912903,70.693548,,
83190,31/01/2003,0000,9,6.6,176.8,159.644872,159.644872,264.4,6.516129,3,18.8,,971.901075,34.680645,27.243871,22.529032,67.677419,,
83190,28/02/2003,0000,14,5.5,131.1,115.619514,115.619514,209.9,7,9,23.8,,972.62381,33,26.308571,21.875,70.294643,,
83190,31/03/2003,0000,9,5.5,135.4,139.669883,41.580486,200.1,7.526882,14,37.2,,972.034409,32.63871,26.394194,22.503226,74.927419,,
83190,30/04/2003,0000,14,5,120.3,127.123913,17.5,200.1,6.266667,9,17.7,,972.637778,32.68,26.201333,22.053333,73.116667,,
83190,31/05/2003,0000,14,6.6,78.4,101.960283,101.960283,133.9,7.752688,16,134.1,,973.877419,28.951613,24.123871,21.141935,83.854839,,
83190,30/06/2003,0000,14,4,38,77.89929,77.89929,126.7,7.644444,19,146.8,,975.461111,26.816667,22.285333,19.606667,88.758333,,
83190,31/07/2003,0000,14,5,47.9,72.803972,72.803972,130.1,7.526882,20,77.3,,977.48587,26.309677,21.245806,17.977419,85.145161,,
83190,31/08/2003,0000,14,4.1,47.7,77.312692,77.312692,159,7.483871,18,82.6,,976.906522,26.903226,21.950323,18.63871,86.580645,,
83190,30/09/2003,0000,14,4.5,78.2,,,194.6,6.144444,13,68.7,,976.005556,28.643333,22.556552,18.755172,79.508333,,
83190,31/10/2003,0000,14,5.5,132.6,,,202.6,6.451613,8,11.1,,973.965217,30.303226,24.280645,21.05,68.258065,,
83190,30/11/2003,0000,9,5.5,112.8,,,188.4,6.6,13,75.8,,972.221111,29.82,24.639333,21.57,73.15,,
83190,31/12/2003,0000,9,6,169.5,,,257.4,6.172043,3,44.5,,971.917204,32.93871,26.137419,22.183871,63.822581,,
83190,31/01/2004,0000,9,5.5,96,,,156.9,8.537634,21,344.5,,970.807527,30.723333,25.165161,21.993548,78.217742,,
83190,29/02/2004,0000,9,5.5,95.3,,,195.6,7.126437,8,79.3,,971.947126,,,22.285714,75.551724,,
83190,31/03/2004,0000,9,4.3,103.5,,,216.1,6.978495,8,20.1,,971.801075,30.955172,25.537931,22.390323,74.556452,,
83190,30/04/2004,0000,9,5.5,103.1,,,177,6.922222,13,48.6,,972.633333,30.766667,25.127333,21.936667,76.633333,,
83190,31/05/2004,0000,14,4.5,66.2,,,139.8,7.053763,18,53.5,,974.322581,28.877419,23.696129,20.83871,83.782258,,
83190,30/06/2004,0000,14,6.6,58.6,,,132.6,7.144444,20,86.9,,977.217778,27.136667,22.279333,19.53,84.616667,,
83190,31/07/2004,0000,18,5,64.1,,,139.3,7.505376,19,32.4,,976.495699,26.083871,21.241935,18.574194,82.387097,,
83190,31/08/2004,0000,14,4.5,72.1,,,134.7,7.290323,13,31.8,,977.43871,27.93871,21.825806,18.341935,80.75,,
83190,30/09/2004,0000,14,5.5,116.6,,,152,6.444444,5,4.2,,975.914444,30.076667,23.081333,18.593333,72.683333,,
83190,31/10/2004,0000,9,6.3,164.4,,,174.9,6.182796,3,4.5,,973.031183,32.409677,24.972903,20.512903,70.153226,,
83190,30/11/2004,0000,9,6,163.9,,,171.4,6.348315,4,66.1,,971.85,32.94,25.682,21.183333,70.491667,,
83190,31/12/2004,0000,9,5.5,184.8,,,239,5.553763,0,0,,971.380645,34.16129,26.440645,21.63871,64.919355,,
83190,31/01/2005,0000,9,5.5,170.2,,,212.6,6.784946,6,48,,970.643011,34.545161,26.910968,22.390323,68.830645,,
83190,28/02/2005,0000,9,5.3,116.2,,,170.9,7.380952,10,115.2,,970.82619,32.942857,26.405714,22.65,76.080357,,
83190,31/03/2005,0000,9,5,130.5,,,233.6,5.978495,6,62.5,,971.692473,33.580645,26.911613,22.987097,74.233871,,
83190,30/04/2005,0000,14,5.5,64.5,,,153.9,7.744444,15,114.6,,972.92,30.216667,24.721333,21.426667,87.666667,,
83190,31/05/2005,0000,14,3.6,62.3,,,139.9,8.247312,23,105.5,,973.850538,28.703226,23.736129,20.674194,89.209677,,
83190,30/06/2005,0000,14,5,48.9,,,111.7,8.266667,25,119.4,,975.641111,27.056667,22.349333,19.423333,91.991667,,
83190,31/07/2005,0000,14,4,49.5,,,126.3,7.537634,17,69.3,,977.637634,26.525806,21.289032,18.112903,87.177419,,
83190,31/08/2005,0000,14,4.6,69.5,,,159.3,7.086022,16,55.6,,977.057609,27.912903,21.729677,18.032258,84.104839,,
83190,30/09/2005,0000,9,5,110,,,178.4,6.166667,7,9.2,,975.498889,30.506667,23.536667,19.37,76.783333,,
83190,31/10/2005,0000,9,6,169.6,,,231,5.591398,5,4.1,,973.635484,33.03871,25.120645,20.232258,67.185484,,
83190,30/11/2005,0000,9,5.6,161.6,,,189.8,6.460674,6,130.5,,971.278889,33.386667,25.594,20.78,68.633333,,
83190,31/12/2005,0000,9,5.65884,137.2,,,205.1,7.16129,8,17.8,,970.850538,33.022581,25.783871,21.022581,69.766129,,
83190,31/01/2006,0000,9,8,174,,,246.5,5.731183,5,3,,971.646237,34.183871,26.17871,20.751613,64.491935,,
83190,28/02/2006,0000,9,5.8,168.6,,,238.7,5.369048,1,17.6,,970.377381,36.289286,27.685714,22.35,62.455357,,
83190,31/03/2006,0000,9,5,149.4,,,210.3,7.215054,10,66.6,,970.905376,34.71,27.177419,22.445161,69.66129,,
83190,30/04/2006,0000,9,5.6,77.6,,,160.3,7.822222,16,113.8,,971.225843,31.537931,25.530667,21.882143,81.966667,,
83190,31/05/2006,0000,14,5,55.7,92.516588,92.516588,126,8.182796,14,97.8,,974.477419,28.476667,23.252903,19.846667,86.701613,,
83190,30/06/2006,0000,14,4.5,41.9,68.259938,68.259938,87.7,8.411111,21,150.8,,976.444444,25.786667,21.284,18.3,92.175,,
83190,31/07/2006,0000,14,5.5,44.6,68.035044,68.035044,120.7,7.16129,19,85.5,,977.344086,26.209677,20.97871,17.512903,88.524194,,
83190,31/08/2006,0000,14,4.5,59,74.288918,74.288918,147.2,6.376344,16,57.2,,976.173118,27.245161,21.562581,17.548387,86.5,,
83190,30/09/2006,0000,14,4.5,88.4,89.737466,89.737466,159.6,6.344444,10,92.6,,975.568889,29.086667,22.746667,18.526667,80.141667,,
83190,31/10/2006,0000,9,5,100,107.692127,104.962046,120.8,7.010753,9,59.8,,972.992473,29.783871,23.813548,19.851613,81.822581,,
83190,30/11/2006,0000,9,5.5,114.2,118.541227,48.8,190.4,6.640449,10,49.2,,971.471111,31.783333,24.934,20.263333,76.908333,,
83190,31/12/2006,0000,9,5.5,183.8,143.365356,11,226.9,6.096774,4,11,,972.078495,34.054839,26.263871,20.896774,68.395161,,
83190,31/01/2007,0000,9,5,196.9,157.229604,5.8,218.7,5.827957,4,5.8,,971.641935,35.425806,27.092903,21.419355,65.104839,,
83190,28/02/2007,0000,9,5.5,112.7,120.939719,120.939719,136.3,8.071429,17,164.1,,971.892857,32.710714,25.859286,21.421429,78.714286,,
83190,31/03/2007,0000,14,4.5,86.8,115.312276,115.060281,168.3,7,20,71.9,,972.577419,30.896774,24.683871,20.477419,82.048387,,
83190,30/04/2007,0000,14,5,103.9,112.301588,40.5,175,7.077778,9,40.9,,972.697778,31.743333,24.956667,20.29,77.033333,,
83190,31/05/2007,0000,14,5,56.7,91.377982,91.377982,117.8,7.119565,14,103.1,,974.027957,28.8,23.230323,19.409677,85.508065,,
83190,30/06/2007,0000,14,3.8,54.1,74.920018,74.920018,138.4,7.133333,19,87.5,,976.41,27.643333,22.029333,18.1,85.091667,,
83190,31/07/2007,0000,14,4.5,60.5,72.803972,72.803972,138.6,6.268817,14,61.5,,976.407527,27.706452,21.532258,17.345161,83.895161,,
83190,31/08/2007,0000,14,7,80.3,72.316604,34.098028,123.2,6.784946,12,31.2,,977.005376,27.612903,21.261935,16.6,79.766129,,
83190,30/09/2007,0000,14,4.6,85.5,76.908147,72.8,87.4,6.602778,17,72.8,,976.997778,28.4,21.79,17.15,79.541667,,
83190,31/10/2007,0000,14,5,129.7,,,100.6,6.333333,6,15.1,,973.805376,31.148387,23.803226,18.570968,69.806452,,
83190,30/11/2007,0000,9,5,178.5,125.524639,25.2,177,5.905556,5,25.2,,971.331461,33.503333,25.44,20.02,64.725,,
83190,31/12/2007,0000,,,173.1,132.61185,56.4,210.9,5.913978,7,56.5,,971.130108,33.609677,25.55871,19.954839,64.83871,,
83190,31/01/2008,0000,,,195.3,120.388395,1.8,227.4,5.376344,3,1.9,,970.832258,34.76129,26.336129,20.519355,59.701613,,
83190,29/02/2008,0000,14,4.5,155.6,133.830434,75.4,201.9,6.45977,7,75.4,,971.396552,33.948276,26.267586,20.855172,67.612069,,
83190,31/03/2008,0000,14,4.5,107.3,132.067898,59.7,201.4,7.537634,14,59.8,,970.81087,32.829032,26.005161,20.929032,73.967742,,
83190,30/04/2008,0000,9,4.5,98.1,120.130857,19.5,199.3,6.555556,10,19.5,,970.675556,32.383333,25.610667,20.923333,77.875,,
83190,31/05/2008,0000,18,6.1,62.8,93.603712,60.2,130,7.623656,16,60.2,,973.510753,29.029032,23.350968,19.293548,85.927419,,
83190,30/06/2008,0000,14,4.5,50.4,73.934291,73.934291,122.5,6.845506,23,82.1,,975.514444,27.543333,21.848667,17.59,85.841667,,
83190,31/07/2008,0000,14,5,52.4,67.136405,57.045935,128.2,7.11828,23,49.3,,977.239785,26.509677,20.989677,17.741935,84.362903,,
83190,31/08/2008,0000,14,4.5,62.8,76.358526,48.011153,133.8,7.537634,18,44.8,,975.436559,27.748387,21.707097,18.435484,82.782258,,
83190,30/09/2008,0000,14,5.5,107.8,94.391905,37.034124,122.3,6.777778,12,34.6,,975.376667,29.88,23.424667,19.853333,75.191667,,
83190,31/10/2008,0000,9,5,122.3,113.037044,34.145128,178.2,6.709677,11,32.5,,974.073118,31.529032,24.453548,20.625806,75.040323,,
83190,30/11/2008,0000,9,6,200.4,137.326186,32.865688,207.5,5.505618,4,32,,971.14,34.51,26.205333,21.646667,64.525,,
83190,31/12/2008,0000,9,5,109.6,134.128718,123.447171,171.3,7.376344,12,123.4,,970.787097,32.422581,25.582581,21.829032,75.596774,,
83190,31/01/2009,0000,9,5,147.5,153.911864,41.980899,233.9,6.387097,5,41.7,,971.298925,34.032258,27.057419,23.296774,69.524194,,
83190,28/02/2009,0000,9,5,116.5,127.811398,81.250524,175.3,6.761905,13,81.1,,971.09881,33.371429,26.514286,23.242857,72.883929,,
83190,31/03/2009,0000,14,5,156.1,157.089215,2.366989,257.5,6.064516,3,2.3,,970.083871,35.319355,27.648387,23.390323,64.266129,,
83190,30/04/2009,0000,14,4,115.9,180.860722,58.21279,145.7,7.555556,12,57.9,,971.61,32.826667,,,76.025,,
83190,31/05/2009,0000,14,4.1,45,98.348618,98.348618,99.7,8.989247,23,169.8,,973.353763,28.067742,23.685185,21.07037,90.048387,,
83190,30/06/2009,0000,14,5.5,47.2,86.219367,81.6241,130,7.555556,19,71.9,,975.271111,28.19,23.076667,20.176667,88.725,,
83190,31/07/2009,0000,14,7.5,53.4,82.985265,63.75085,141.9,7.258065,19,43.3,,975.911828,28.1,22.543226,19.448387,86.983871,,
83190,31/08/2009,0000,14,4.5,67.5,82.528819,67.801764,146.5,6.806452,18,59,,975.982796,28.296774,22.419355,19.016129,83.895161,,
83190,30/09/2009,0000,9,5,128.3,105.129154,24.582995,223.1,5.677778,4,3.4,,975.006667,31.34,24.286,19.92,71.883333,,
83190,31/10/2009,0000,9,5.5,130.2,128.229708,69.779264,190.6,7.258065,9,62.6,,971.7,31.996774,25.410968,21.412903,73.403226,,
83190,30/11/2009,0000,9,5.5,188.5,140.285492,4.961119,268.2,5.411111,1,0.2,,971.386667,34.44,26.34,21.33,59.016667,,
83190,31/12/2009,0000,9,5,185.3,156.333808,56.687576,230.7,6,8,55.1,,971.4,34.725806,26.899355,22.258065,63.209677,,
83190,31/01/2010,0000,,5,125.3,150.640154,88.863043,249.5,6.247312,15,88.3,,971.848387,34.187097,26.66,21.964516,71.475806,,
83190,28/02/2010,0000,9,4.5,131.2,137.852568,28.503671,198.5,7.333333,11,29.1,,971.767857,34.142857,26.925714,22.507143,68.580357,,
83190,31/03/2010,0000,9,5.5,122.1,150.600094,139.810474,208.4,6.967742,12,139,,971.26129,33.629032,26.892903,22.629032,61.895161,,
83190,30/04/2010,0000,18,4.5,66.7,113.599782,97.313812,159.6,7.044444,15,96.9,,972.342222,30.426667,25.05,22.053333,72.8,,
83190,31/05/2010,0000,9,4,80.9,109.440984,33.741439,189.1,6.408602,9,32.7,,972.887097,30.787097,24.738065,21.016129,69.991935,,
83190,30/06/2010,0000,14,4.5,54.6,78.909286,78.909286,101.8,7.911111,17,79.2,,976.078889,27.266667,22.439333,19.496667,74.708333,,
83190,31/07/2010,0000,14,4,38,72.803972,72.803972,120.1,8.16129,29,171.1,,976.662366,26.3,21.474839,18.667742,88.508065,,
83190,31/08/2010,0000,14,5,61.5,71.3434,66.689151,150.6,7.451613,21,39.3,,977.169892,26.829032,21.166452,17.474194,80.677419,,
83190,30/09/2010,0000,14,4.5,75.5,81.041491,60.660952,144.2,7.2,17,33,,975.636667,28.22,22.264667,18.353333,76.966667,,
83190,31/10/2010,0000,9,5.2,123.5,119.733574,119.733574,168.8,6,6,143,,972.487097,32.113333,24.973548,20.45,69.298387,,
83190,30/11/2010,0000,5,5,130.6,129.84071,52.441306,220.6,5.855556,2,3.6,,970.824444,33.2,25.742667,21.073333,63.175,,
83190,31/12/2010,0000,9,5,147,143.365356,143.365356,177.9,6.451613,6,215.2,,969.336559,33.6,26.22,21.371429,69.064516,,
83190,31/01/2011,0000,9,5,115.2,134.961523,101.468147,212.4,6.516129,11,48.6,,970.154839,32.696774,25.619355,21.129032,73.879032,,
83190,28/02/2011,0000,9,5,117.9,126.417201,82.291147,209.4,6.75,6,64.5,,971.02619,33.7,26.158571,21.392857,67.616071,,
83190,31/03/2011,0000,14,5.3,124.3,145.849871,100.20036,180.2,7.032258,14,91.3,,969.974194,33.746667,26.784516,22.246667,59.475806,,
83190,30/04/2011,0000,14,4.5,92,116.694524,63.723069,192.6,7.088889,14,59.9,,971.713333,31.716667,25.308667,21.136667,71.316667,,
83190,31/05/2011,0000,14,4.5,54.2,95.817663,49.406566,133.4,8.225806,17,46.8,,973.415054,28.954839,23.376774,19.948387,84.935484,,
83190,30/06/2011,0000,18,4.1,52.5,77.113249,50.687936,112.4,7.211111,15,47.7,,975.048889,27.726667,22.216,18.666667,84.775,,
83190,31/07/2011,0000,14,5.6,83.4,78.056395,27.467462,160.2,7.462366,12,26.2,,975.684946,28.296774,21.963871,17.725806,79.612903,,
83190,31/08/2011,0000,14,10.8,99,85.891925,24.662643,188.9,6.462366,12,23.8,,975.939785,29.364516,22.627742,18.235484,73.758065,,
83190,30/09/2011,0000,14,5,117.7,89.751517,14.731467,191.9,6.477778,8,14.2,,976.651111,29.906667,22.826,17.673333,66.708333,,
83190,31/10/2011,0000,14,5.5,119.4,113.754958,83.124663,176.2,7.27957,11,84,,971.989247,31.187097,24.553333,19.977419,71.290323,,
83190,30/11/2011,0000,9,4.5,89.4,106.296112,60.627204,160.7,7.311111,11,61.2,,972,29.733333,24.017333,20.1,78.025,,
83190,31/12/2011,0000,9,5.5,127.7,134.51783,53.321884,235.9,6.290323,4,53,,971.351613,33.019355,25.622667,20.764516,66.677419,,
83190,31/01/2012,0000,14,5,158.5,139.778078,9.470746,218,6.247312,6,9.4,,971.975269,33.890323,25.946452,20.732258,64.669355,,
83190,29/02/2012,0000,14,5,130.8,126.913926,17.217565,224,6.436782,9,18,,971.443678,33.482759,25.864828,20.757143,64.508621,,
83190,31/03/2012,0000,14,5,174,136.65493,4.606452,240.7,5.602151,3,4.6,,971.953763,34.477419,26.271613,20.596774,60.967742,,
83190,30/04/2012,0000,14,5,144.2,123.13876,10.901585,227.7,5.988889,4,10.9,,972.161111,33.52,25.791333,20.43,65.366667,,
83190,31/05/2012,0000,14,4.1,102.1,105.137303,30.500402,163.9,7.247312,16,30.8,,974.072043,31,24.390968,20.009677,74.282258,,
83190,30/06/2012,0000,14,8.8,76.4,87.244308,46.400122,132.9,6.955556,16,46.2,,975.471111,28.976667,23.104,19,74.95,,
83190,31/07/2012,0000,14,4.5,83.1,79.090943,44.400071,160.3,6.526882,17,44.5,,976.254839,27.8,21.961935,17.883871,76.75,,
83190,31/08/2012,0000,14,5,95.1,77.697727,49.700042,189.6,6.956989,16,49.7,,977.796774,28.141935,21.694194,17.048387,73.66129,,
83190,30/09/2012,0000,9,4.5,134.7,94.284773,27.200063,211.7,7.1,7,27.2,,976.402222,30.173333,23.293333,18.45,66.866667,,
83190,31/10/2012,0000,9,5,165,113.851569,11.500042,234.2,6.11828,6,11.5,,973.630108,32.009677,24.373548,18.929032,63.467742,,
83190,30/11/2012,0000,9,7.8,155,134.551742,56.800012,203.9,7.755556,5,57.1,,970.831111,33.18,25.808667,21.093333,66.433333,,
83190,31/12/2012,0000,9,5,187.9,148.157449,8.0E-6,248.8,5.956989,0,0,,970.992473,34.503226,26.544138,21.13871,56.741667,,
83190,31/01/2013,0000,14,5.3,149,147.413361,113.500001,215.5,7.182796,8,114,,971.575269,34.125806,26.494839,21.474194,64.701613,,
83190,28/02/2013,0000,9,5.5,165.7,134.800132,2.600001,251.6,6.690476,7,2.6,,971.636905,34.596429,26.833571,21.521429,61.366071,,
83190,31/03/2013,0000,9,5,188.4,158.177736,7.300001,275.2,5.591398,3,7.3,,971.513978,35.532258,27.651613,22.848387,59.943548,,
83190,30/04/2013,0000,14,5,117.1,121.91917,88.1,166.2,7.444444,13,88.1,,972.373333,31.856667,25.965333,21.889655,72.425,,
83190,31/05/2013,0000,14,3.8,53.7,101.61899,71.8,138.9,7.806452,14,74.3,,973.848387,28.851613,24.034194,21.180645,82.66129,,
83190,30/06/2013,0000,14,4,47.9,87.255437,87.255437,138.4,7.52809,23,91.9,,974.943333,28.38,23.166,20.226667,83.5,,
83190,31/07/2013,0000,14,3.5,51.9,83.134645,83.134645,143.5,7.27957,21,111.6,,976.410753,27.129032,22.242581,19.125806,84.209677,,
83190,31/08/2013,0000,14,4,52.5,77.634118,62.411307,163.1,7.806452,22,56.3,,975.93871,27.312903,21.812258,18.522581,84.314516,,
83190,30/09/2013,0000,14,5.5,93.2,93.073103,35.073271,204.8,6.188889,13,22,,975.482558,29.533333,23.239333,19.213333,74.35,,
83190,31/10/2013,0000,14,8.5,121,109.892724,73.420744,216.7,5.83871,10,69.4,,973.839785,30.36129,24.152667,19.980645,72.693548,,
83190,30/11/2013,0000,9,7.4,146.9,123.237601,42.531606,167.7,7.022222,8,37.7,,971.613333,31.28,25.009333,20.716667,70.008333,,
83190,31/12/2013,0000,5,5.3,146.8,141.982584,28.749346,174.4,7.043011,9,30.6,,970.822581,32.519355,26.043871,21.854839,69.508065,,
83190,31/01/2014,0000,9,5.5,180.1,144.327957,3.251848,257.5,6.774194,,2.4,,972.387097,33.570968,26.323871,21.080645,61.064516,,
83190,28/02/2014,0000,,,119,118.615599,57.724138,165.9,7.261905,,57.4,,971.594048,31.989286,25.635,21.385714,73.25,,
83190,31/03/2014,0000,,,132,135.327131,13.703946,198,7.139785,,13.4,,972.005376,32.393548,26.110323,21.725806,70.870968,,
83190,30/04/2014,0000,,,119.4,125.934536,55.222164,198.4,6.777778,,55.2,,972.349438,32.456667,26.068667,21.793103,73.675,,
83190,31/05/2014,0000,,,75,99.27218,62.406645,152.3,7.096774,,62.4,,973.596774,29.236667,23.993548,20.509677,83.596774,,
83190,30/06/2014,0000,,,,81.073739,62.002588,140.1,7.502778,,59.2,,975.522222,27.633333,22.717333,19.133333,85.366667,,
83190,31/07/2014,0000,,,,65.796521,65.796521,130.5,7.930108,,90.6,,977.732258,,,18.62,86.895161,,
83190,31/08/2014,0000,,,,116.560904,79.190471,170.1,7.092391,,69.9,,977.017204,,,17.843333,82.233871,,
83190,30/09/2014,0000,,,,115.95099,47.015943,211.2,6.583333,,38.7,,975.487778,,,18.696667,74.2,,
83190,31/10/2014,0000,,,,131.496337,23.575763,224.6,6.841398,,18.7,,974.563441,,,19.425806,70.016129,,
83190,30/11/2014,0000,,,,231.830127,44.681532,171.1,7.277778,,42.7,,972.042222,,,20.606667,70.35,,
83190,31/12/2014,0000,,,,127.309842,81.429841,184.3,7.513441,,81.3,,972.422581,,,21.03871,70.919355,,
83190,31/01/2015,0000,,,,126.683734,16.548475,241,6.236559,,16.4,,973.31828,,,21.164516,61.774194,,
83190,28/02/2015,0000,,,,113.512946,56.931889,191.6,7.202381,,56.9,,972.172619,,,21.667857,66.866071,,
83190,31/03/2015,0000,,,,121.342176,17.327084,254.2,6.38587,,17.3,,971.975269,,,21.722581,64.048387,,

