Estacao,Data,Hora,DirecaoVento,VelocidadeVentoMedia,VelocidadeVentoMaximaMedia,EvaporacaoPiche,EvapoBHPotencial,EvapoBHReal,InsolacaoTotal,NebulosidadeMedia,NumDiasPrecipitacao,PrecipitacaoTotal,PressaoNivelMarMedia,PressaoMedia,TempMaximaMedia,TempCompensadaMedia,TempMinimaMedia,UmidadeRelativaMedia,VisibilidadeMedia,Nada
82659,29/02/1980,0000,,,,,,,,,22,206.9,,,,,,,,
82659,31/07/1982,0000,,0.03,0.3,,,,,,,,,,,,,,,
82659,31/08/1982,0000,,0.886022,5,,,,,,,,,,,,,,,
82659,30/09/1982,0000,,0.558889,4,,,,,,,,,,,,,,,
82659,31/10/1982,0000,,0.466667,5,,,,,,,,,,,,,,,
82659,30/11/1982,0000,,0.735556,5,,,,,,,,,,,,,,,
82659,31/12/1982,0000,,2.267742,6.7,,,,,,,,,,,,,,,
82659,31/08/1984,0000,,,,,,,,,,0,,,,,,,,
82659,30/09/1984,0000,,2.292222,6,144.9,,,175,0.641111,8,111,,985.071111,33.496667,25.326667,19.496667,,,
82659,31/10/1984,0000,,1.263441,4,87.1,,,139.5,0.678495,15,181.7,,985.115054,,,20.374194,,,
82659,30/11/1984,0000,,1.363333,5,34,,,144.7,0.604444,15,115.3,,985.023333,30.938462,24.791538,20.446667,,,
82659,31/12/1984,0000,,1.212903,5,56.7,,,133.8,0.645161,15,110.1,,983.786022,31.009677,24.979355,20.851613,,,
82659,31/01/1985,0000,36,1.098925,3,54.1,,,54.2,7.586022,26,528.7,,988.622581,28.955556,24.054815,21.192593,90.87037,,
82659,28/02/1985,0000,36,1.034524,3,49.3,,,107,8.404762,25,469.1,,989.182143,29.917857,24.129286,20.85,89.116071,,
82659,31/03/1985,0000,36,0.874194,4,59.9,,,111.5,7.225806,23,302.8,,987.523656,30.887097,25.097419,21.809677,88.798387,,
82659,30/04/1985,0000,0,0.518889,3,52.9,,,100.7,7.622222,26,438.9,,988.075556,29.78,24.358667,21.296667,90.016667,,
82659,31/05/1985,0000,0,0.663441,3.5,101.7,,,205.9,4.580645,12,148.7,,988.250538,31.316129,24.450323,19.774194,84.056452,,
82659,30/06/1985,0000,0,0.374444,3,165.8,,,226.1,3.822222,5,35.1,,992.782222,31.376667,23.534,17.886667,76.158333,,
82659,31/07/1985,0000,0,0.654839,3,271.3,,,282.1,2.827957,1,1,,993.044086,32.570968,23.523226,16.341935,67.983871,,
82659,31/08/1985,0000,0,0.886022,5,276.7,,,289.7,2.107527,2,17.3,,989.144086,34.129032,24.489032,16.758065,64.564516,,
82659,30/09/1985,0000,0,0.582222,4,237,,,201.1,3.766667,8,95.1,,986.558889,33.943333,25.212,18.573333,68.05,,
82659,31/10/1985,0000,0,0.45914,5,153.3,,,115.9,6.408602,16,199.5,,985.864516,30.977419,24.903226,21.109677,85.008065,,
82659,30/11/1985,0000,0,0.735556,5,135.7,,,129.1,6.477778,17,233.4,,985.886667,30.883333,24.738,20.71,85.465517,,
82659,31/12/1985,0000,5,2.267742,6.7,113.1,,,89.1,7.655914,21,423.6,,986.344086,29.767742,24.355484,21.209677,88.709677,,
82659,31/01/1986,0000,0,1.987097,4.4,109,,,123.2,7.451613,25,246,,985.055914,30.267742,24.52,20.996774,88.145161,,
82659,28/02/1986,0000,0,1.828571,4.4,75.6,,,102.6,7.345238,22,206.9,,984.945238,30.321429,24.361429,20.867857,88.910714,,
82659,31/03/1986,0000,0,1.797849,4.4,87.8,,,119.4,7.516129,22,275.1,,985.217204,30.212903,24.48129,21.212903,89.153226,,
82659,30/04/1986,0000,0,1.944444,9.4,66.9,,,111.6,7.322222,23,212.2,,984.634444,30.586667,24.806,21.463333,89.8,,
82659,31/05/1986,0000,0,1.635484,4.4,140.9,,,232.5,4.032258,3,29.8,,984.917204,32.33871,24.929032,19.545161,81.33871,,
82659,30/06/1986,0000,0,2.115556,9.4,171.3,,,255,2.9,3,76.6,,986.764444,31.933333,23.148,16.873333,76.075,,
82659,31/07/1986,0000,0,1.825806,9.4,200.5,,,254.5,3.053763,1,1.7,,987.968817,33.283871,24.14129,17.012903,70.58871,,
82659,31/08/1986,0000,0,1.763441,4.4,230.7,,,225.4,3.365591,4,10.8,,985.594624,34.093548,24.816774,16.741935,65.274194,,
82659,30/09/1986,0000,0,1.942222,6.7,200.3,,,133.6,4.155556,7,103.4,,985.604444,33.54,25.620667,19.096667,68.083333,,
82659,31/10/1986,0000,0,1.772043,6.7,83.2,,,106.5,7.182796,18,240.7,,985.269892,30.958065,25.016129,21.148387,84.733871,,
82659,30/11/1986,0000,0,1.768889,4.4,91.9,,,148.7,5.666667,16,178.1,,983.7,31.183333,24.75,20.353333,84.666667,,
82659,31/12/1986,0000,32,2.215054,4.4,76.5,,,120.5,6.698925,19,200.8,,984.856989,30.845161,24.848387,20.980645,87.620968,,
82659,31/01/1987,0000,5,2.410753,9.4,77.5,,,156.8,6.924731,17,180.8,,984.977419,31.470968,25.068387,21.022581,86.733871,,
82659,28/02/1987,0000,5,2.408333,6.7,78.4,,,127,6.416667,11,100.7,,984.834524,31.421429,25.247857,21.1,85.839286,,
82659,31/03/1987,0000,5,2.462366,4.4,54.5,,,29.5,7.580645,28,572.6,,984.33871,29.851613,24.691613,21.858065,90.379032,,
82659,30/04/1987,0000,5,2.598889,6.7,102.9,,,109.3,5.177778,15,190.1,,984.445556,32.283333,25.507333,21.236667,84.416667,,
82659,31/05/1987,0000,14,2.539785,4.4,150,,,260,2.935484,6,64.5,,984.723656,33.254839,25.179355,19.748387,79.185484,,
82659,30/06/1987,0000,5,2.617778,4.4,171,,,265.6,2.777778,1,4.2,,986.554444,33.866667,24.850667,18.276667,73.908333,,
82659,31/07/1987,0000,5,2.796774,6.7,262.9,,,301.6,1.72043,0,0,,985.152688,34.732258,24.637419,16.680645,62.637097,,
82659,31/08/1987,0000,5,2.387097,4.4,197.6,,,209.3,2.537634,5,32.2,,985.211828,34.706452,25.272258,18.716129,68.322581,,
82659,30/09/1987,0000,32,2.572222,6.7,183.1,,,73.3,3.7,6,24.2,,984.977778,34.473333,25.956,19.946667,68.575,,
82659,31/10/1987,0000,32,2.447312,6.7,117.8,,,178.1,4.946237,13,231.2,,983.811828,33.23871,26.004516,21.041935,79.798387,,
82659,30/11/1987,0000,32,2.373333,2.4,69.9,,,93.5,7.166667,14,81.3,,983.871111,31.446667,25.72,22.153333,87.366667,,
82659,31/12/1987,0000,32,2.344086,4.4,71.1,,,141.5,6.010753,17,232.8,,984.189247,31.403226,25.574194,21.945161,86.959677,,
82659,31/01/1988,0000,5,2.283871,4.4,64.2,,,152.5,6.537634,22,211.5,,984.656989,30.893548,25.192903,21.735484,88.16129,,
82659,29/02/1988,0000,32,2.273563,4.4,58,,,115.3,7.701149,22,308.9,,983.188506,31.175862,25.431724,22.296552,89.017241,,
82659,31/03/1988,0000,32,2.189247,4.4,59.1,,,86.8,7.451613,26,198.4,,985.073118,30.651613,25.032258,21.983871,90.016129,,
82659,30/04/1988,0000,5,2.342222,4.4,60.1,,,111.4,6.933333,20,284.5,,984.578889,30.753333,25.188667,21.99,89.008333,,
82659,31/05/1988,0000,14,2.021505,4.4,119.8,,,240.9,4.204301,5,38.1,,985.321505,32.603226,24.792258,19.616129,81.370968,,
82659,30/06/1988,0000,14,2.062222,4.4,142,,,242.3,3.288889,6,59,,986.545556,32.31,23.716,17.71,76.816667,,
82659,31/07/1988,0000,14,2.630108,6.7,244.2,,,294.6,2.193548,1,0.4,,987.347312,33.364516,23.53871,15.870968,63.564516,,
82659,31/08/1988,0000,14,2.788172,6.7,279.3,,,284.1,0.989247,1,0.1,,985.483871,34.758065,23.983226,15.219355,54.193548,,
82659,30/09/1988,0000,5,2.283333,6.7,228.9,,,184.4,2.7,3,59,,984.444444,35.053333,25.721333,18.55,62.333333,,
82659,31/10/1988,0000,32,2.003226,6.7,91,,,135.6,6.215054,17,128.2,,983.144086,32.429032,25.694839,21.280645,81.830645,,
82659,30/11/1988,0000,5,2.124444,4.4,63.5,,,104.2,7.688889,21,262.8,,984.057778,30.623333,24.796667,21.213333,88.575,,
82659,31/12/1988,0000,32,2.124731,4.4,57.1,,,106.9,7.387097,22,378.2,,983.726882,29.948387,24.469677,21.064516,89.177419,,
82659,31/01/1989,0000,32,2.232258,4.4,67.3,,,151.8,6.967742,21,203.3,,983.924731,30.603226,24.642581,20.983871,87.08871,,
82659,28/02/1989,0000,5,2.371429,2.4,55.9,,,85,7.583333,20,133.9,,984.688095,30.532143,24.460714,20.871429,87.526786,,
82659,31/03/1989,0000,5,2.193548,2.4,59,,,51.7,7.483871,26,439.7,,984.148387,30.277419,24.36129,21.122581,88.290323,,
82659,30/04/1989,0000,5,2.213333,2.4,53,,,91.3,7.144444,21,260.4,,984.167778,30.66,24.751333,21.603333,88.708333,,
82659,31/05/1989,0000,14,2.266667,4.4,95.4,,,191.8,6.107527,12,165.4,,986.048387,30.86129,24.389032,20.154839,84.846774,,
82659,30/06/1989,0000,5,2.182222,4.4,125.7,,,249.4,3.466667,8,91.7,,986.158889,32.073333,24.301333,18.553333,79.316667,,
82659,31/07/1989,0000,14,2.365591,4.4,147.8,,,269.1,2.827957,6,42.5,,986.970968,32.048387,23.590968,17.648387,76.241935,,
82659,31/08/1989,0000,5,2.236559,4.4,184.3,,,269.5,1.967742,7,41.9,,985.663441,33.570968,24.179355,17.674194,71.774194,,
82659,30/09/1989,0000,5,2.262222,4.4,151.1,,,199.8,3.522222,7,16.6,,983.888889,33.596667,25.247333,19.12,73.058333,,
82659,31/10/1989,0000,5,2.167742,2.4,95.7,,,135.8,6.333333,18,164.6,,984.623656,32.012903,25.137419,20.622581,83.612903,,
82659,30/11/1989,0000,5,2.343333,4.4,80.1,,,143.1,6.644444,21,282,,983.116667,31.553333,25.322667,21.4,85.275,,
82659,31/12/1989,0000,5,2.4,2.4,49.7,,,57.6,8.55914,23,268.3,,984.344086,28.829032,24.336774,21.919355,90.290323,,
82659,31/01/1990,0000,5,2.348387,2.4,99.8,,,167.2,6.107527,13,93.2,,983.569892,32.012903,25.091613,20.741935,83.419355,,
82659,28/02/1990,0000,5,2.2,2.4,72.5,,,76,8.297619,17,428.7,,984.991667,30.467857,24.726429,21.489286,86.830357,,
82659,31/03/1990,0000,32,2.36129,4.4,74.1,,,131.1,6.83871,18,116.1,,984.946237,31.351613,25.090968,21.212903,86.556452,,
82659,30/04/1990,0000,5,2.328889,4.4,100.2,,,214,5.044444,13,165.7,,983.744444,32.583333,25.722667,21.43,82.816667,,
82659,31/05/1990,0000,5,2.365591,4.4,115.5,,,234.5,3.462366,8,47.2,,985.003226,32.590323,25.306452,20.3,80.379032,,
82659,30/06/1990,0000,9,2.275556,4.4,207.7,,,259.8,2.355556,0,0,,986.236667,33.863333,24.577333,17.85,69.45,,
82659,31/07/1990,0000,5,2.03871,2.4,149.4,,,228.3,3.44086,7,40.5,,986.592473,33.283871,24.531613,18.251613,74.322581,,
82659,31/08/1990,0000,5,2.421505,4.4,257.3,,,271.5,2.462366,1,0.5,,986.411828,34.887097,24.92129,17.054839,59.41129,,
82659,30/09/1990,0000,5,2.404444,4.4,140.7,,,169.5,4.388889,7,48.5,,985.285556,33.59,25.69,19.613333,72.216667,,
82659,31/10/1990,0000,5,2.322581,2.4,88.9,,,106.6,6.623656,17,156.1,,984.58172,31.277419,25.145161,20.867742,84.008065,,
82659,30/11/1990,0000,5,2.257778,4.4,82.4,,,146.3,6.077778,17,214.7,,984.021111,31.71,25.238,20.633333,83.433333,,
82659,31/12/1990,0000,32,2.369892,4.4,64.6,,,109.6,7.602151,20,279.4,,983.860215,31.129032,24.978065,21.006452,88.330645,,
82659,31/01/1991,0000,5,2.3,2.7,59.5,,,100.6,8.172043,23,311,,984.82043,30.332258,24.809032,21.777419,88.91129,,
82659,28/02/1991,0000,5,2.338095,4.4,65.7,,,115.8,6.547619,19,132.7,,984.820238,31.610714,25.205,21.528571,86.857143,,
82659,31/03/1991,0000,32,2.266667,4.4,53.6,,,31.2,7.83871,23,287.2,,984.202151,30.525806,24.773548,21.774194,89.975806,,
82659,30/04/1991,0000,32,2.16,4.4,69,,,63.8,6.066667,17,258.3,,984.674444,31.856667,25.239333,21.446667,86.666667,,
82659,31/05/1991,0000,5,2.283871,4.4,90.6,,,193.5,5.236559,15,162.7,,985.154839,31.203226,24.93871,20.793548,85.346774,,
82659,30/06/1991,0000,14,2.4,4.4,169.8,,,258.3,2.375,2,9.5,,986.175,32.746667,23.934,17.77,75.080357,,
82659,31/07/1991,0000,14,2.554839,6,242.9,,,267.7,1.376344,0,0,,987.205376,33.183871,23.106452,15.451613,64.016129,,
82659,31/08/1991,0000,14,2.765591,6.4,310.2,,,264.7,1.548387,0,0,,987.501075,34.432258,23.86,15.583871,56.282258,,
82659,30/09/1991,0000,5,2.251111,4.9,210.2,,,109.6,4.255556,5,64,,985.298889,33.623333,25.393333,18.986667,67.383333,,
82659,31/10/1991,0000,5,1.966667,4.4,136.6,,,83.4,4.548387,11,97.3,,984.680645,31.635484,24.586452,19.509677,79.758065,,
82659,30/11/1991,0000,5,2.311111,4.4,91.7,,,82,6.333333,12,97.5,,983.926667,31.036667,25.122,21.246667,83.175,,
82659,31/12/1991,0000,5,2.087097,4.4,73.8,,,64.9,6.978495,13,112,,983.849462,30.203226,24.825161,21.26129,86.612903,,
82659,31/01/1992,0000,32,2.282796,4.4,52.3,,,60.5,8.096774,21,303.4,,983.998925,29.406452,24.533548,21.674194,90.653226,,
82659,29/02/1992,0000,5,2.3,4.4,85.5,,,89.7,7.264368,21,218.7,,985.02069,30.596552,24.873793,21.686207,87.008621,,
82659,31/03/1992,0000,5,2.117204,4.4,112.3,,,120.9,6.376344,15,262.6,,984.412903,31.409677,25.290968,21.622581,84.717742,,
82659,30/04/1992,0000,5,2.168889,4.4,96.9,,,180.1,5.044444,13,162.3,,983.911111,31.93,25.361333,21.096667,84.258333,,
82659,31/05/1992,0000,5,2.07957,4.4,131,,,236.4,2.913978,8,77,,984.296774,32.758065,24.876129,19.46129,80.548387,,
82659,30/06/1992,0000,14,2.287778,4.5,194.9,,,245.9,2.3,5,12.1,,986.072222,33.103333,24.148,17.626667,71.925,,
82659,31/07/1992,0000,5,2.294624,4.4,266.1,,,273.6,1.806452,1,0.6,,987.553763,33.996774,23.670323,15.803226,60.846774,,
82659,31/08/1992,0000,5,2.302151,4.4,277.3,,,254.9,2.483871,2,7.6,,986.701075,35.109677,25.017419,16.864516,56.83871,,
82659,30/09/1992,0000,5,2.206667,4.4,157.5,,,135.6,3.933333,8,104.8,,984.536667,33.27,25.078667,19.12,72.241667,,
82659,31/10/1992,0000,5,2.139785,4.4,108.6,,,87,4.795699,6,23.4,,984.760215,32.383871,25.329677,20.116129,77.024194,,
82659,30/11/1992,0000,5,2.117778,3.3,65.6,,,73.3,6.677778,14,173.1,,983.496667,30.113333,24.539333,21.01,86.858333,,
82659,31/12/1992,0000,14,2.193548,2.8,59.8,,,80.8,7.483871,19,265.5,,983.964516,29.729032,24.688387,21.716129,87.774194,,
82659,31/01/1993,0000,5,2.219355,4.4,78.8,,,164.4,6.139785,21,157.2,,985.082796,30.903226,24.55871,20.441935,85.951613,,
82659,28/02/1993,0000,5,2.103571,2.8,58.4,,,107.8,7.142857,21,332,,984.716667,30.164286,24.451429,21.317857,87.857143,,
82659,31/03/1993,0000,32,2.148387,4.4,67.3,,,158.6,6.193548,16,160,,985.178495,30.890323,24.77871,21.041935,87.766129,,
82659,30/04/1993,0000,32,2.13,3,67,,,161.1,6.222222,19,156.8,,984.116667,31.33,25.301333,21.343333,87.4,,
82659,31/05/1993,0000,14,2.048387,2.5,111.8,,,218.2,4,6,57.2,,984.476344,32.209677,25.110968,20.445161,81.798387,,
82659,30/06/1993,0000,14,2.154444,4.2,177.2,,,225.7,2.722222,3,6.2,,986.376667,33.153333,24.179333,17.59,72.125,,
82659,31/07/1993,0000,5,2.106452,3.9,216,,,251.1,2.354839,1,0.1,,986.33871,34.154839,24.115484,16.525806,64.306452,,
82659,31/08/1993,0000,5,1.997849,3.3,167.5,,,213,4.462366,10,123.4,,986.458065,33.329032,24.889032,18.793548,73.5,,
82659,30/09/1993,0000,5,2.096667,3.4,128.6,,,164.9,4.166667,8,65.6,,985.046667,32.57,24.811333,19.573333,78.216667,,
82659,31/10/1993,0000,5,1.966667,3,92,,,130.6,5.333333,15,185.3,,984.741935,31.4,24.849677,20.26129,84.120968,,
82659,30/11/1993,0000,5,2.072222,2.8,79.2,,,102.1,6.044444,14,220.4,,983.546667,30.85,24.959333,21.13,85.808333,,
82659,30/04/1994,0000,5,2.102247,3.2,74.6,,,122.4,5.550562,16,174.6,,984.777528,31.053333,24.858667,21.166667,86.975,,
82659,31/05/1994,0000,5,2.060215,3,115.4,,,167.5,4.537634,10,85.3,,985.275269,32.193548,25.074194,20.296774,83.612903,,
82659,31/01/1995,0000,32,2.097826,2.4,72,,,135.1,6.967391,20,219.2,,985.022826,31.035484,25.01871,21.33871,86.975806,,
82659,28/02/1995,0000,5,2.180952,2.4,53.2,,,96.6,7.583333,25,396.7,,985.202381,30.360714,24.580714,21.607143,89.223214,,
82659,31/03/1995,0000,5,2.101075,4.4,74.3,,,158.2,6.311828,21,387.1,,983.495699,31.590323,25.251613,21.590323,86.298387,,
82659,30/04/1995,0000,5,2.12,2.4,62.4,,,132.2,6.333333,24,247.2,,983.138889,31.273333,25.266,21.953333,88.783333,,
82659,31/05/1995,0000,5,2.073118,2.4,78,,,155.1,5.494624,15,182,,984.630108,31.270968,25.216129,21.674194,87.258065,,
82659,30/06/1995,0000,14,2.102222,4.4,184.4,,,247.2,2,0,0,,985.7,32.49,23.945333,17.756667,75.316667,,
82659,31/07/1995,0000,14,2.122581,4,273.9,,,278,1.666667,0,0,,985.154839,33.712903,23.719355,16.106452,65.403226,,
82659,31/08/1995,0000,5,2.167742,3,352.8,,,303.4,0.989247,0,0,,984.639785,35.76129,24.931613,16.022581,54.967742,,
82659,30/09/1995,0000,5,2.148889,4.4,323.3,,,175.2,2.6,0,0,,984.622222,35.94,26.534,18.776667,56.241667,,
82659,31/10/1995,0000,5,2.04086,3,218.2,,,131,4.666667,8,105.4,,982.724731,33.987097,26.53871,20.954839,69.459677,,
82659,30/11/1995,0000,5,2.051111,2.4,91.3,,,120,6.511111,16,273,,983.101111,31.293333,25.183333,21.496667,83.25,,
82659,31/12/1995,0000,0,0.953763,2.4,92,,,117.8,6.311828,20,249.8,,983.702151,30.996774,25.019355,21.348387,86.669355,,
82659,31/01/1996,0000,0,0.824731,2.8,77.1,,,128.2,6.774194,23,340.4,,982.886022,31.093548,24.684516,20.925806,87.637097,,
82659,29/02/1996,0000,32,0.735632,1.4,68.1,,,123.9,6.471264,24,257.1,,983.04023,31.437931,25.085517,21.506897,87.465517,,
82659,31/03/1996,0000,32,0.73871,2,63,,,95.7,7.268817,25,289.9,,983.586022,31.048387,25.159355,21.977419,88.572581,,
82659,30/04/1996,0000,5,0.716667,1.5,58.2,,,88.6,6.866667,23,256,,983.995556,30.973333,25.086,21.883333,89.066667,,
82659,31/05/1996,0000,14,0.769892,2.2,103.4,,,186.6,4.290323,12,32.3,,984.911828,31.841935,24.836774,20.258065,83.024194,,
82659,30/06/1996,0000,14,0.936667,2.4,208.6,,,272.6,1.322222,0,0,,985.942222,32.79,23.973333,17.336667,69.125,,
82659,31/07/1996,0000,14,0.824731,3.4,256.3,,,261.9,2.602151,0,0,,986.370968,33.845161,24.031613,16.316129,60.185484,,
82659,31/08/1996,0000,5,0.829032,2.2,267.4,,,271,2.537634,1,5.2,,985.06129,35.058065,25.474194,17.558065,58.58871,,
82659,30/09/1996,0000,5,0.775556,2.4,255.4,,,201.4,2.455556,2,6.3,,983.796667,35.493333,26.252,18.986667,59.166667,,
82659,31/10/1996,0000,5,0.81828,2.4,119.4,,,88.3,5.494624,12,84.8,,983.46129,31.958065,25.332258,20.674194,79.822581,,
82659,30/11/1996,0000,5,0.78,1.8,73.5,,,85.3,6.811111,19,361.7,,982.284444,30.996667,25.198667,21.503333,85.141667,,
82659,31/12/1996,0000,5,0.729032,1.2,97.8,,,108.9,5.505376,14,90.4,,982.883871,31.419355,25.277419,20.970968,83.258065,,
82659,31/01/1997,0000,5,0.804301,2,60.4,,,100.5,8.053763,24,368.2,,983.484946,29.945161,24.568387,21.4,88.653226,,
82659,28/02/1997,0000,5,0.852381,3,69.8,,,148.3,5.869048,19,138.6,,983.655952,31.521429,24.882857,21.007143,86.276786,,
82659,31/03/1997,0000,5,0.772043,1.2,53.4,,,70.5,7.473118,24,527.7,,983.451613,29.306452,24.458065,21.896774,90.717742,,
82659,30/04/1997,0000,14,0.841111,2.4,81.4,,,162.5,5.255556,22,413.2,,984.584444,30.933333,25.122,21.553333,85.875,,
82659,31/05/1997,0000,14,0.974194,2.8,166,,,228.2,3.935484,5,35.8,,985.33871,31.874194,24.803871,19.854839,76.903226,,
82659,30/06/1997,0000,14,0.68,1.2,210.6,,,254,1.755556,1,10.7,,984.853333,33.456667,23.916,17.29,70.15,,
82659,31/07/1997,0000,14,1.139785,3.2,292.3,,,291.5,1.924731,0,0,,986.063441,33.929032,23.834194,15.829032,59.258065,,
82659,31/08/1997,0000,5,1.144086,3.2,327,,,273.6,2.236559,0,0,,986.074194,35.367742,25.340645,17.196774,54.306452,,
82659,30/09/1997,0000,5,0.753333,2.6,189.3,,,126.8,3.177778,5,33.4,,983.931111,34.5,26.461333,20.226667,68.116667,,
82659,31/10/1997,0000,5,0.860215,2.2,132.4,,,85.7,4.215054,10,111.8,,982.829032,32.483871,26.146452,21.941935,79.895161,,
82659,30/11/1997,0000,5,0.871111,3.2,138.2,,,162.2,4.811111,10,73.6,,983.107778,33.003333,25.968,21.366667,79.491667,,
82659,31/12/1997,0000,5,0.84086,2.4,79.2,,,130.9,6.634409,20,188.3,,983.637634,31.567742,25.513548,21.941935,85.564516,,
82659,31/01/1998,0000,5,0.827957,2.2,75.9,,,130.6,6.365591,22,442.9,,983.26129,31.509677,25.55871,22.035484,86.693548,,
82659,28/02/1998,0000,5,0.763095,1.2,84.7,,,133.3,5.880952,18,180.4,,984.064286,33.092857,26.551429,22.692857,84.955357,,
82659,31/03/1998,0000,5,0.789247,1.2,67.5,,,113,6.548387,23,230.8,,983.375269,31.825806,25.929032,22.596774,87.572581,,
82659,30/04/1998,0000,5,0.733333,1.2,86,,,138.7,4.977778,13,117.7,,982.898889,33.08,26.791333,22.706667,85.316667,,
82659,31/05/1998,0000,0,0.722581,2.2,125.7,,,229.8,3.774194,8,82.8,,984.580645,33.632258,25.825806,20.809677,80.66129,,
82659,30/06/1998,0000,14,0.895556,4,197.6,,,260.1,2.2,2,27.5,,985.98,33.766667,24.446667,17.88,70.7,,
82659,31/07/1998,0000,5,0.858065,3.4,236.8,,,264.5,2.72043,1,14.9,,985.297849,34.806452,24.698065,17.690323,64.846774,,
82659,31/08/1998,0000,5,0.784946,2.4,281.6,,,282.7,2.150538,1,2.8,,984.055914,36.151613,25.962581,18.267742,57.403226,,
82659,30/09/1998,0000,5,0.797778,1.8,235.7,,,209.4,2.466667,3,93.2,,983.968889,35.63,26.674667,20.236667,63.875,,
82659,31/10/1998,0000,5,0.775269,2.2,102.9,,,117,4.623656,10,187.3,,983.788172,32.067742,25.602581,21.348387,82.129032,,
82659,30/11/1998,0000,5,0.831111,2.2,62.6,,,75.9,7.388889,17,139.3,,982.756667,30.76,25.337333,22.136667,87.25,,
82659,31/12/1998,0000,5,0.877419,2.2,73.7,,,121,6.204301,18,143.9,,983.080645,31.3,25.290323,21.735484,86.540323,,
82659,31/01/1999,0000,32,0.806452,1.2,79.8,,,128.3,6.978495,20,156.2,,982.834409,31.135484,25.170323,21.409677,85.580645,,
82659,28/02/1999,0000,32,0.854762,2.2,68.8,,,101.9,6.702381,18,196.7,,983.415476,31.125,24.838571,21.160714,86.446429,,
82659,31/03/1999,0000,32,0.767742,1.2,63.5,,,74.9,6.860215,23,310.2,,982.898925,30.916129,24.951613,21.841935,88.717742,,
82659,30/04/1999,0000,32,0.791111,1.4,74.1,,,111.6,6.077778,17,220.3,,984.158889,31.77,25.185333,21.426667,86.216667,,
82659,31/05/1999,0000,14,0.765591,2.2,75.5,,,115,5.419355,18,315.9,,985.039785,30.793548,24.334839,20.53871,87.443548,,
82659,30/06/1999,0000,5,0.808889,2.2,163.5,,,242.9,2.411111,1,0.3,,984.852222,33.04,24.056,17.636667,75.8,,
82659,31/07/1999,0000,14,0.802151,2.2,268.3,,,288.8,1.247312,0,0,,986.148387,34.009677,23.413548,15.6,62.887097,,
82659,31/08/1999,0000,14,0.847312,3,308.9,,,267.2,2.376344,0,0,,985.251613,35.432258,25.063871,16.951613,54.564516,,
82659,30/09/1999,0000,5,0.817778,3,173.6,,,212.4,3.622222,12,119.8,,983.658889,33.773333,25.513333,19.49,72.65,,
82659,31/10/1999,0000,5,0.817204,1.8,144.3,,,182.4,4.376344,8,92.3,,983.853763,32.716129,25.30129,20.087097,78.620968,,
82659,30/11/1999,0000,5,0.804444,2.4,66.8,,,112.1,6.433333,20,334.4,,982.91,30.78,25.008,21.6,87.508333,,
82659,31/12/1999,0000,5,0.868817,1.8,77,,,118.4,6.956989,21,401.6,,983.017204,30.312903,24.876129,21.522581,87.185484,,
82659,31/01/2000,0000,5,0.825806,2.2,71.1,,,145.5,7.236559,24,372.4,,982.802151,30.770968,24.793548,21.529032,87.193548,,
82659,29/02/2000,0000,32,0.944828,8,65.5,,,131.6,7.068966,25,354.1,,984.406897,30.627586,24.724138,21.17931,88.62069,,
82659,31/03/2000,0000,5,0.853763,8,69.9,,,152.6,6.806452,24,189,,982.950538,31.187097,25.142581,21.964516,87.459677,,
82659,30/04/2000,0000,14,0.762222,2.2,76.8,,,148.4,6.2,17,288.8,,984.08,31.42,24.91,21.456667,88.283333,,
82659,31/05/2000,0000,14,0.756989,2,150.5,,,225,3.311828,6,65.9,,984.504301,32.383871,24.827742,20.006452,81.387097,,
82659,30/06/2000,0000,14,0.877778,2.4,222.7,,,257.2,2.3,1,2.4,,985.35,33.256667,24.439333,18.113333,73.308333,,
82659,31/07/2000,0000,5,0.686022,1.6,223.1,,,247.1,3.526882,3,26.7,,984.958065,32.83871,24.230323,18.151613,70.629032,,
82659,31/08/2000,0000,5,0.774194,2.4,264.6,,,298.5,2.301075,3,8.6,,984.895699,34.696774,25.258065,17.751613,62.064516,,
82659,30/09/2000,0000,5,0.78,2.4,151.3,,,176.5,5.333333,14,115.8,,984.066667,32.433333,25.001333,19.936667,77.183333,,
82659,31/10/2000,0000,5,0.74086,1.8,97.7,,,188.5,5.301075,10,79.6,,984.265591,31.954839,25.278065,20.603226,81.282258,,
82659,30/11/2000,0000,5,0.78,1.2,74.4,,,137.9,6.066667,15,202,,982.371111,30.946667,24.991333,21.07,84.775,,
82659,31/12/2000,0000,5,0.769892,1.4,68.7,,,132,6.322581,19,317.9,,983.798925,30.080645,24.893548,21.493548,86.080645,,
82659,31/01/2001,0000,32,0.827957,2.4,76.7,,,126.4,6.795699,16,121,,985.093548,30.816129,24.845806,21.154839,84.935484,,
82659,28/02/2001,0000,5,0.838095,1.2,52.9,,,91.1,7.309524,23,249.6,,984.414286,30.760714,24.617857,21.196429,86.5625,,
82659,31/03/2001,0000,5,0.825806,1.2,63.7,,,83.3,6.645161,19,227.1,,984.947312,30.748387,24.896774,21.454839,86.41129,,
82659,30/04/2001,0000,5,0.78,1.4,75.4,,,155.6,5.977778,15,234.7,,985.163333,31.176667,24.796,20.79,84.608333,,
82659,31/05/2001,0000,5,0.808602,2.2,82.3,,,204,5.322581,13,210.7,,985.116129,32.364516,25.630323,21.258065,83.83871,,
82659,30/06/2001,0000,14,0.755556,1.2,136.9,,,241,3.533333,5,14.1,,986.535556,32.43,24.392667,18.803333,76.283333,,
82659,31/07/2001,0000,5,0.915054,8,198.4,,,273.2,2.634409,2,2.6,,986.43871,33.564516,24.133548,17.254839,69.193548,,
82659,31/08/2001,0000,5,0.892473,2.4,296.6,,,302.2,1.860215,1,0.6,,987.272043,34.883871,24.607742,16.351613,55.516129,,
82659,30/09/2001,0000,5,0.726667,1.6,170.8,,,207.4,3.933333,5,29.7,,984.753333,34.606667,26.186,19.916667,69.35,,
82659,31/10/2001,0000,5,0.750538,1.6,111.3,,,127.9,5.688172,10,99.1,,984.709677,32.112903,25.623226,21.035484,79.104839,,
82659,30/11/2001,0000,5,0.724444,1.8,83.8,,,135.2,6.6,13,263.4,,983.856667,31.583333,25.770667,21.933333,82.991667,,
82659,31/12/2001,0000,5,0.707527,1.4,60.3,,,121.3,6.924731,20,254.1,,983.327957,30.709677,25.252903,22.035484,87,,
82659,31/01/2002,0000,5,0.76129,1.6,59.8,,,138.7,7.354839,21,318.2,,984.768817,30.229032,25.020645,21.925806,86.58871,,
82659,28/02/2002,0000,5,0.854762,11,72.4,,,150.9,5.988095,20,209.1,,984.604762,31.410714,25.523571,21.828571,83.464286,,
82659,31/03/2002,0000,32,0.729032,1.4,79.2,,,129.7,6.569892,17,104.7,,984.678495,31.116129,25.319355,21.890323,84.629032,,
82659,30/04/2002,0000,5,0.748889,1.4,77.5,,,147.5,6.133333,16,105.4,,984.093333,31.706667,25.400667,21.436667,85.025,,
82659,31/05/2002,0000,14,0.72043,1.4,105.9,,,217.1,3.908602,14,90.2,,985.016129,32.335484,25.62,21.280645,81.282258,,
82659,30/06/2002,0000,14,0.788889,2.4,173,,,250.5,2.822222,1,0.1,,986.897778,32.97,24.41,18.01,71.133333,,
82659,31/07/2002,0000,5,0.769892,1.4,201.6,,,277.7,2.827957,5,17.2,,986.863441,34.348387,25.222581,18.609677,67.193548,,
82659,31/08/2002,0000,5,0.853763,2.8,295.3,,,303,1.978495,0,0,,985.96129,35.522581,25.289032,17.122581,55.540323,,
82659,30/09/2002,0000,32,0.793333,1.8,180.6,,,214.5,4.244444,9,176.3,,985.142222,34.426667,26.174667,20.22,68.791667,,
82659,31/10/2002,0000,5,0.726882,2.4,100.7,,,170.1,5.731183,14,119.9,,984.150538,32.154839,25.405806,20.683871,79.403226,,
82659,30/11/2002,0000,5,0.764444,1,72.3,,,155.7,5.388889,17,235.1,,984.664444,31.65,25.332,20.976667,84,,
82659,31/12/2002,0000,5,0.726882,1.2,59.9,,,111.5,7.075269,21,254.1,,985.080645,30.493548,25.064516,21.790323,86.943548,,
82659,31/01/2003,0000,5,0.739785,2.4,73.8,144.73311,144.73311,141.2,6.182796,19,226.4,,985.184946,31.367742,25.571333,21.987097,84.95,,
82659,28/02/2003,0000,5,0.771429,1.4,67.9,127.858675,127.858675,105.1,7.27381,19,260.9,,984.735714,30.982143,25.157143,21.853571,86.205357,,
82659,31/03/2003,0000,5,0.696774,1.2,62.5,138.305439,138.305439,111.1,7.473118,24,314,,984.549462,30.632258,24.915484,21.864516,87.33871,,
82659,30/04/2003,0000,32,0.695556,1.8,74.2,133.527155,133.527155,161.4,5.422222,16,153.5,,984.86,31.746667,25.482,21.633333,84.7,,
82659,31/05/2003,0000,14,0.901075,2.8,126.7,136.871797,136.871797,222.2,4.11828,12,88.8,,985.425806,32.422581,25.690968,21.325806,79.758065,,
82659,30/06/2003,0000,14,0.697778,1.2,162.1,128.003179,64.428203,239.4,2.833333,3,12,,985.627778,33.163333,24.451333,18.5,74.025,,
82659,31/07/2003,0000,14,0.894624,2.8,262.5,130.598025,0,303.1,1.376344,0,0,,986.833333,33.941935,23.931613,16.241935,62.258065,,
82659,31/08/2003,0000,5,0.778495,2.2,265.2,136.097511,38.6,245.8,3.354839,6,38.6,,986.219355,34.258065,25.19871,18.241935,65.145161,,
82659,30/09/2003,0000,5,0.706667,2.4,209,,,215.3,3.544444,8,83.2,,985.19,33.81,25.652,19.7,71.45,,
82659,31/10/2003,0000,5,0.741935,1,133.7,,,121.1,5.774194,12,125,,983.891398,32.209677,25.716774,21.519355,80.266129,,
82659,30/11/2003,0000,5,0.775556,1.8,83.5,,,94.9,6.6,18,102.6,,983.537778,31.29,25.419333,21.476667,85.258333,,
82659,31/12/2003,0000,14,0.784946,2.2,75.2,,,97.4,6.290323,18,149.3,,983.967742,31.129032,25.329032,21.4,85.483871,,
82659,31/01/2004,0000,5,0.791398,2.4,61.2,,,64.3,8.032258,23,283.7,,983.771739,30.216129,25.194839,22.216129,87.129032,,
82659,29/02/2004,0000,32,0.749425,1.2,56.7,,,43.3,7.54023,24,512.1,,985.057471,30.193103,25.027586,22.3,87.284483,,
82659,31/03/2004,0000,14,0.692473,1,65.5,,,34.8,7.172043,24,430.5,,984.108602,31.106452,25.452903,22.267742,87.201613,,
82659,30/04/2004,0000,5,0.733333,1.2,99.2,,,156.2,5.766667,10,169.1,,984.204444,32.153333,25.859333,21.873333,82.433333,,
82659,31/05/2004,0000,14,0.77957,2.7,173.2,,,257.2,3.774194,9,28.2,,985.132258,33.13871,25.682581,20.877419,77.33871,,
82659,30/06/2004,0000,0,0.626667,1.2,209.3,,,258.4,2.766667,2,10.3,,987.3,32.983333,24.346667,18.113333,70.758333,,
82659,31/07/2004,0000,14,0.830108,2.4,264.7,,,280.3,2.419355,2,18.6,,986.273118,33.464516,24.309677,17.367742,65.443548,,
82659,31/08/2004,0000,14,0.812903,2.4,316.4,,,279,2.860215,4,33.3,,986.690323,34.590323,25.292903,17.958065,60.693548,,
82659,30/09/2004,0000,5,0.724444,2.4,206.5,,,221.9,3.588889,6,24.5,,984.817778,34.046667,25.766,19.696667,68.975,,
82659,31/10/2004,0000,5,0.75914,1.2,97.2,,,118.1,5.924731,15,163.3,,984.044086,31.919355,25.388387,21.174194,81.395161,,
82659,30/11/2004,0000,5,0.704444,2.2,99.5,,,134.9,5.444444,13,128.4,,983.163333,31.83,25.73,21.603333,82.683333,,
82659,31/12/2004,0000,5,0.694624,1,100.3,,,134.6,6.010753,18,68.1,,983.811828,31.948387,25.659355,21.519355,82.346774,,
82659,31/01/2005,0000,5,0.816129,1.8,96.3,,,122.3,6.870968,18,194.1,,983.334409,31.435484,25.776129,22.274194,83.927419,,
82659,28/02/2005,0000,5,0.814286,1.2,73.7,,,85.1,6.904762,18,213.7,,983.504762,30.907143,25.587143,22.414286,86.116071,,
82659,31/03/2005,0000,32,0.806522,1,54.9,,,61.2,7.774194,30,448,,984.823656,30.235484,25.240645,22.59,89.524194,,
82659,30/04/2005,0000,5,0.79,8.7,94.3,,,192.3,5.488889,18,143.8,,984.502222,32.216667,26.004667,21.86,81.908333,,
82659,31/05/2005,0000,14,0.789247,2.4,143.4,,,222.5,4.182796,10,62.2,,985.222581,31.822581,25.476774,21.267742,79.798387,,
82659,30/06/2005,0000,14,0.755556,2.2,253.6,,,285.1,2.2,1,0.2,,985.98,32.913333,24.918667,19.043333,71.575,,
82659,31/07/2005,0000,14,0.825806,3.6,334.3,,,307.6,1.451613,0,0,,987.215054,33.854839,24.110968,16.6,60.040323,,
82659,31/08/2005,0000,0,0.819355,10.1,396.7,,,295.5,2.451613,1,0.1,,985.901075,35.222581,25.648387,17.503226,53.129032,,
82659,30/09/2005,0000,5,0.723333,2.2,279.1,,,200.3,3.488889,4,50.1,,984.86,34.976667,26.676667,19.63,61.116667,,
82659,31/10/2005,0000,5,0.662366,2.2,157.2,,,163,4.989247,8,156.3,,984.21828,33.109677,26.350968,21.335484,75.483871,,
82659,30/11/2005,0000,5,0.695948,1.02888,81.3,,,75.1,6.577778,14,195.2,,983.092222,31.18,25.564,21.98,84.608333,,
82659,31/12/2005,0000,5,0.691277,1.02888,85.3,,,124.6,6.865591,20,214.2,,982.894624,31.06129,25.434839,22.135484,84.290323,,
82659,31/01/2006,0000,5,0.760428,2.2,97.3,,,156.3,6.233871,14,157.6,,983.286022,31.580645,25.581935,21.409677,83.467742,,
82659,28/02/2006,0000,5,0.739814,1.02888,94.8,,,115,7.125,20,177.7,,984.096429,31.139286,25.656429,22.35,84.089286,,
82659,31/03/2006,0000,5,0.787097,8,68.8,,,107.6,7.236559,23,213.6,,984.698925,30.690323,25.380645,22.241935,86.306452,,
82659,30/04/2006,0000,5,0.710172,1.2,49.3,,,91.6,7.833333,28,446,,984.466667,29.526667,24.681333,21.863333,89.291667,,
82659,31/05/2006,0000,14,0.719211,1.02888,95.7,135.759005,135.759005,174.2,5.623656,16,84.4,,985.970968,31.319355,25.323871,21.854839,83.830645,,
82659,30/06/2006,0000,14,0.873333,8,225,127.648215,48.840995,279.2,2.411111,1,0.2,,986.901111,32.346667,24.366,18.376667,70.216667,,
82659,31/07/2006,0000,14,0.983871,2.7,263,133.176146,32,297.5,2.763441,1,32,,987.051613,33.612903,24.560645,17.377419,62.677419,,
82659,31/08/2006,0000,14,0.85914,2.4,324.6,136.098987,27.6,304.8,1.526882,2,27.6,,985.763441,34.858065,25.217419,17.348387,58.741935,,
82659,30/09/2006,0000,5,0.808889,2.2,248,138.038495,34.3,236.9,3.722222,6,34.3,,985.312222,34.99,26.478667,19.933333,63.025,,
82659,31/10/2006,0000,5,0.756989,1.8,147.9,144.49583,81,148.7,5.946237,9,80.7,,984.019355,32.6,26.299355,21.645161,76.975806,,
82659,30/11/2006,0000,5,0.702222,1.4,96.5,140.541307,133,139.8,5.9,16,133,,983.414444,32.03,25.934667,22.003333,82.141667,,
82659,31/12/2006,0000,5,0.726882,2.2,84.3,145.232396,145.232396,123.5,6.760753,18,239.6,,984.7,31.122581,25.572258,21.980645,86.322581,,
82659,31/01/2007,0000,5,0.746237,2.2,93.1,147.169468,147.169468,162,6.344086,16,125.5,,984.210753,32.019355,26.212903,22.490323,83.370968,,
82659,28/02/2007,0000,5,0.769048,2.2,67,127.160861,127.160861,111.5,7.428571,20,488.8,,985.157143,30.214286,24.97,22.185714,87.017857,,
82659,31/03/2007,0000,5,0.767167,1.8,100.3,140.210148,140.210148,124,7.045699,21,143.6,,984.191398,31.103226,25.409032,21.941935,85.862903,,
82659,30/04/2007,0000,5,0.753851,2.05776,79.2,132.803154,132.803154,140.8,6.511111,19,170,,984.865556,31.143333,25.272667,21.473333,86.716667,,
82659,31/05/2007,0000,5,0.658398,1.4,130.6,135.745435,135.745435,223.4,4.077957,8,52.8,,984.922581,32.448387,25.467097,20.63871,80.137097,,
82659,30/06/2007,0000,14,0.710529,2.4,185.8,126.932434,74.654565,262.9,2.469444,4,57.6,,986.51,32.427586,24.168667,18.23,73.166667,,
82659,31/07/2007,0000,0,0.719355,2.2,245.3,134.25056,0.5,291.4,2.44086,2,0.5,,986.024731,34.125806,24.925806,17.916667,65.58871,,
82659,31/08/2007,0000,14,0.923128,2.5,377.4,136.849425,0.3,316,0.747312,1,0.3,,985.762366,35.190323,25.374839,17.019355,52.701613,,
82659,30/09/2007,0000,5,0.929133,2.5,344.3,139.813088,0.8,231.5,2.480556,1,0.8,,985.411111,35.99,26.952,19.276667,50.791667,,
82659,31/10/2007,0000,5,0.810857,2,180.9,144.473035,74.2,109,6.475806,8,74,,983.801075,33.303226,26.249032,21.070968,72.580645,,
82659,30/11/2007,0000,5,0.79,2,114.8,140.527989,120.4,113.1,6.227778,10,120.4,,982.944444,32.133333,25.858667,21.143333,78.391667,,
82659,31/12/2007,0000,5,0.76129,1.2,111.2,145.207738,122.4,138.4,6.72043,14,122.4,,983.512903,31.519355,25.589677,21.474194,83.072581,,
82659,31/01/2008,0000,32,0.775269,1.5,87.6,142.892236,142.892236,109.7,7.419355,21,323.2,,983.723656,30.732258,25.083871,21.535484,84.790323,,
82659,29/02/2008,0000,32,0.740894,1.6,71.2,132.419717,132.419717,112.1,7.16954,19,287.8,,984.787356,31.003448,25.213103,21.537931,85.706897,,
82659,31/03/2008,0000,32,0.869364,1.8,71.7,138.225816,138.225816,98.6,7.763441,24,397.1,,984.467742,30.809677,24.998065,21.616129,85.629032,,
82659,30/04/2008,0000,5,0.695556,1.4,84.4,132.736736,132.736736,106.2,6.65,21,301.1,,983.756667,30.91,25.302,21.766667,85.075,,
82659,31/05/2008,0000,14,0.72043,1.2,126.3,134.955101,134.955101,180.3,4.935484,13,173.7,,985.184946,31.603226,25.163871,20.706452,80.233871,,
82659,30/06/2008,0000,14,0.657778,1.8,231.2,126.570036,73.012261,284.4,2.155556,1,1.7,,986.267778,32.823333,24.106,17.78,68.175,,
82659,31/07/2008,0000,14,0.766581,2.8,298.1,132.033875,21.580723,311.9,1.5,1,0.6,,986.501075,33.703226,24.327097,16.945161,60.25,,
82659,31/08/2008,0000,0,0.793451,2.5,348.2,139.450058,5.796009,284.4,2.330645,0,0,,984.437634,35.567742,26.134194,18.029032,53.58871,,
82659,30/09/2008,0000,5,1.033602,8.8,265.4,139.141667,41.003343,215.1,3.744444,6,42.8,,984.235556,35.383333,26.742,19.653333,61.108333,,
82659,31/10/2008,0000,5,0.75914,2.2,190,145.275278,145.275278,191.5,4.784946,7,176.9,,984.209677,34.196774,26.52129,20.670968,71.129032,,
82659,30/11/2008,0000,5,0.773333,2.2,93.9,138.293711,138.293711,109.9,7.411111,17,205.4,,983.318889,31.733333,25.700667,21.79,84.416667,,
82659,31/12/2008,0000,5,0.744086,1.2,81.1,144.399584,144.399584,117.6,7.139785,18,174.2,,983.543011,31.067742,25.436129,21.835484,84.903226,,
82659,31/01/2009,0000,5,0.713978,1,99.2,145.154145,145.154145,168.2,5.978495,21,151.6,,984.36129,31.845161,25.657419,21.535484,82.991935,,
82659,28/02/2009,0000,5,0.797619,1.2,77.6,128.195199,128.195199,147.1,7.607143,20,227.4,,983.960714,31.421429,25.272143,21.503571,83.785714,,
82659,31/03/2009,0000,32,0.750538,1.2,72.4,140.937689,140.937689,164,6.505376,25,385.5,,983.91828,31.496774,25.590323,21.970968,86.314516,,
82659,30/04/2009,0000,32,0.775556,1,64.3,132.073936,132.073936,126.1,7.233333,23,340.3,,985.284444,30.276667,25.082,21.74,86.808333,,
82659,31/05/2009,0000,5,0.72043,1,85.7,134.271114,134.271114,142,6.301075,20,155.8,,985.7,30.364516,24.978065,21.590323,85.717742,,
82659,30/06/2009,0000,14,0.693333,2.2,172.5,130.435254,75.90125,224.1,3.544444,2,4.2,,986.506667,32.5,25.184,19.456667,73.45,,
82659,31/07/2009,0000,14,0.754385,2.2,256.7,134.527705,25.273142,303.9,2.182796,1,4.7,,986.401075,33.935484,24.985806,17.587097,64.620968,,
82659,31/08/2009,0000,14,0.706452,2.4,285,137.881874,32.274005,285.8,2.83871,3,7.1,,985.577419,34.690323,25.74129,17.645161,61.016129,,
82659,30/09/2009,0000,5,0.697778,1.6,212.4,138.319474,123.166797,243.7,3.988889,9,122.8,,985.293333,34.256667,26.542667,20.17,69.9,,
82659,31/10/2009,0000,5,0.75914,3.6,123.4,144.03255,144.03255,164.8,6.344086,15,186.2,,983.850538,32.535484,26.230323,21.256667,78.709677,,
82659,30/11/2009,0000,5,0.718889,1.3,113.7,141.594662,141.594662,164.8,5.988889,14,191.1,,983.065556,32.796667,26.239333,21.366667,80.375,,
82659,31/12/2009,0000,5,0.735484,2.2,77.3,142.430532,142.430532,92.2,7.516129,22,461.9,,984.294624,30.532258,24.912903,21.329032,86.669355,,
82659,31/01/2010,0000,5,0.733333,1.4,96.9,143.973411,143.973411,145.8,6.870968,22,216.8,,984.415054,31.045161,25.389677,21.309677,84.435484,,
82659,28/02/2010,0000,5,0.883333,2.2,89.8,130.249948,130.249948,102.3,7.511905,21,231.8,,983.746429,31.689286,25.869286,22.003571,85.982143,,
82659,31/03/2010,0000,5,0.72043,1.6,91.1,143.540965,143.540965,129.1,6.44086,22,150.8,,984.187097,32.148387,26.243871,22.196774,85.330645,,
82659,30/04/2010,0000,14,0.722222,1.8,117,136.373141,136.373141,163.5,5.811111,17,272.8,,984.318889,32.58,26.367333,21.853333,82.241667,,
82659,31/05/2010,0000,5,0.711828,1.8,150.1,141.177101,87.614288,203.8,4.225806,7,16.3,,984.504301,34.132258,26.83931,21.548276,76.806452,,
82659,30/06/2010,0000,14,0.713333,2.2,199.6,131.09507,78.617922,252.7,3.044444,7,64.7,,986.621111,33.263333,25.376,19.756667,72.991667,,
82659,31/07/2010,0000,14,0.765591,4,301.8,134.857005,11.03007,296.5,1.473118,1,0.1,,986.166667,34.258065,25.077419,17.567742,60.645161,,
82659,31/08/2010,0000,0,0.830108,3.4,353.5,137.1253,2.86375,269.3,0.892473,0,0,,985.819355,35.493548,25.49871,16.932258,51.403226,,
82659,30/09/2010,0000,5,0.877778,3.4,372.3,140.815226,0.735742,207.2,1.555556,0,0,,984.007778,36.773333,27.324,18.923333,50.016667,,
82659,31/10/2010,0000,5,0.746237,2.2,179.6,146.286283,146.286283,187.3,5.655914,14,180.3,,983.929032,34.022581,26.758065,21.135484,71.822581,,
82659,30/11/2010,0000,5,0.722222,1.4,116.6,142.677196,142.677196,178.3,6.355556,15,178.2,,982.746667,32.8,26.557333,21.99,78.466667,,
82659,31/12/2010,0000,5,0.763441,2,101.2,149.425537,149.425537,148.6,6.774194,17,221.8,,982.305376,31.683871,25.862581,21.825806,82.846774,,
82659,31/01/2011,0000,32,0.763441,1.2,78.8,143.189673,143.189673,131.1,7.591398,22,280.8,,983.207527,31.064516,25.155484,21.451613,84.653226,,
82659,28/02/2011,0000,14,0.739286,1.5,65.1,126.075379,126.075379,100.7,8.488095,25,295.1,,984.3,30.646429,24.678571,21.242857,87.598214,,
82659,31/03/2011,0000,5,0.816129,2.2,78.9,140.505994,140.505994,139.3,7.215054,20,240.1,,983.841935,31.283871,25.436129,21.616129,86.379032,,
82659,30/04/2011,0000,5,0.668889,1.2,73.9,132.40168,132.40168,147.5,6.544444,20,202.1,,984.42,30.843333,25.239333,21.483333,86.691667,,
82659,31/05/2011,0000,14,0.752688,1.6,128,136.424095,128.364763,194.6,5.290323,11,93.4,,984.668817,31.803226,25.632903,21.064516,80.556452,,
82659,30/06/2011,0000,14,0.635556,2.8,203.1,130.708512,47.683325,266.5,1.977778,1,0.3,,985.857778,33.18,25.228667,18.63,68.841667,,
82659,31/07/2011,0000,14,0.733333,2.4,268.3,132.282235,19.22894,299.1,1.784946,2,6.6,,985.966667,33.416129,24.38129,16.603226,63.258065,,
82659,31/08/2011,0000,14,0.735484,1.8,324.5,138.213383,7.611844,309.3,1.731183,2,3.9,,985.537634,35.083871,26.020645,17.280645,54.895161,,
82659,30/09/2011,0000,5,0.728889,2.8,340.8,138.984894,27.783696,281.1,2.155556,2,26.9,,985.37,36.143333,26.788,18.303333,52.958333,,
82659,31/10/2011,0000,14,0.84086,2,133.1,143.981201,143.981201,169.4,6,16,154.5,,983.207527,32.912903,26.115484,21.116129,77.935484,,
82659,30/11/2011,0000,14,0.764444,2.2,86.3,137.457168,137.457168,117,7.455556,22,379.7,,983.694444,30.66,25.053333,20.956667,86.2,,
82659,31/12/2011,0000,32,0.819355,2.4,81.7,144.762825,139.625264,134.5,6.16129,17,110.9,,983.645161,30.732258,25.425161,21.187097,84.830645,,
82659,31/01/2012,0000,14,0.819355,2.4,72.7,140.452989,140.452989,83.5,8.548387,22,306.1,,984.53871,29.883333,24.57871,21.058621,86.564516,,
82659,29/02/2012,0000,14,0.82069,2.2,67.7,128.77864,128.77864,82.9,8.195402,26,266.3,,984.251724,30.089655,24.265517,20.257143,88.232759,,
82659,31/03/2012,0000,5,0.789247,1.6,79.7,138.905811,138.905811,147.8,6.967742,21,170.1,,984.678495,31.16129,25.140645,20.770968,85.887097,,
82659,30/04/2012,0000,32,0.797778,2.4,81.7,134.126717,102.318881,167.9,5.377778,17,42.2,,984.292222,31.94,25.728667,20.706667,85.233333,,
82659,31/05/2012,0000,14,0.726882,1.6,125.4,135.622737,94.14516,223.4,4.150538,11,76.3,,985.337634,32.445161,25.402667,19.603226,79.25,,
82659,30/06/2012,0000,0,0.671111,1.6,139.7,128.94285,42.832856,229,3.4,9,28.8,,986.614444,32.963333,24.848667,18.52,76.075,,
82659,31/07/2012,0000,14,0.735484,2.6,232.2,132.308755,25.954163,288.5,1.752688,3,20.5,,986.178495,34.064516,24.434839,16.467742,66.048387,,
82659,31/08/2012,0000,14,0.960215,3.4,352,135.68031,8.123258,310.7,1.236559,1,6.2,,986.636559,35.503226,25.094194,16.270968,53.233871,,
82659,30/09/2012,0000,5,0.766667,2.2,244.6,139.426104,60.098718,251.9,3.222222,3,59.7,,985.942222,35.61,26.805333,19.85,58.516667,,
82659,31/10/2012,0000,5,0.701075,1.6,149.3,144.422382,142.406546,190.7,5.365591,9,142.4,,983.97957,32.883871,26.246,21.551613,75.016129,,
82659,30/11/2012,0000,5,0.782222,3.2,80.9,140.105563,140.105563,92.7,8.033333,21,344.8,,983.605556,31.03,25.776,22.483333,85.391667,,
82659,31/12/2012,0000,5,0.719211,1.6,84.9,145.522643,145.522643,142.7,6.771505,17,272.5,,983.492473,31.487097,25.712903,21.567742,83.048387,,
82659,31/01/2013,0000,5,0.76129,2.6,79.9,145.136108,145.136108,118.4,7.645161,23,326.4,,984.768817,31.070968,25.714839,22.393548,84.959677,,
82659,28/02/2013,0000,5,0.713095,1.2,68.3,128.191727,128.191727,114.7,7.369048,21,199.4,,983.792857,30.217857,25.353077,21.9,85.028846,,
82659,31/03/2013,0000,23,0.754839,1,66.8,140.117635,140.117635,122,7.290323,27,374.1,,984.604301,30.106452,25.421935,22.170968,87.564516,,
82659,30/04/2013,0000,0,0.653333,2.2,83.4,134.545147,134.545147,159.3,6.011111,20,236.9,,985.067778,31.316667,25.836,22.276667,85.308333,,
82659,31/05/2013,0000,5,0.631183,1,116.2,136.399749,134.264959,184.8,4.913978,8,162.5,,985.517204,31.267742,25.64,21.435484,82.177419,,
82659,30/06/2013,0000,5,0.662222,1,157.4,130.316151,104.355984,237.2,2.911111,,66.1,,985.912222,32.163333,25.090714,20.096667,77.191667,,
82659,31/07/2013,0000,5,0.621505,1,209.8,134.081893,58.326152,278.7,2.193548,,31,,986.645161,32.96129,24.874839,18.522581,69.870968,,
82659,31/08/2013,0000,5,0.670968,2.2,289.3,136.352038,24.503938,302.1,1.666667,,12.8,,985.229032,34.43871,25.302581,17.43871,62.322581,,
82659,30/09/2013,0000,5,0.702222,2.4,175.8,137.879706,19.528646,229.6,3.577778,,16.4,,984.886667,34.156667,26.598621,20.186667,66.333333,,
82659,31/10/2013,0000,5,0.798925,3.2,175.2,144.330299,106.519481,201.2,4.602151,,106.1,,984.531183,33.109677,26.272258,20.774194,72.483871,,
82659,30/11/2013,0000,5,0.733333,1,88.8,137.418289,137.418289,118.8,7.211111,,255.8,,983.391111,30.286667,25.173103,21.386667,83.183333,,
82659,31/12/2013,0000,5,0.724731,1,89.7,145.496913,145.496913,136.4,6.387097,,277.1,,983.758065,30.693548,25.683333,21.812903,85.354839,,
82659,31/01/2014,0000,5,0.768817,8.7,92.9,141.993388,141.993388,109.6,7.11828,,220.5,,984.806452,30.296774,24.942581,20.935484,84.032258,,
82659,28/02/2014,0000,5,0.738095,1,64.2,127.147428,127.147428,68.5,7.952381,,371.4,,984.002381,30.189286,24.942143,21.217857,86.946429,,
82659,31/03/2014,0000,5,0.767742,1.2,71.2,137.442044,137.442044,132.1,7.032258,,279.6,,984.68172,30.051613,25.05871,21.396774,86.427419,,
82659,30/04/2014,0000,5,0.762912,2.2,84.6,133.817718,133.817718,178.9,5.8,,229.6,,984.887778,31.296667,25.518,21.303448,85.35,,
82659,31/05/2014,0000,14,0.726882,1.4,131.5,137.1271,129.344364,221.2,4.376344,,94.9,,985.188172,31.890323,25.749333,20.69,79.846774,,
82659,30/06/2014,0000,14,0.7,2.8,220.6,130.305369,47.744115,274.5,2.088889,,0,,986.047778,33.356667,25.201333,18.258621,68.425,,
82659,31/07/2014,0000,14,0.776344,2.4,262.5,134.427855,24.670235,301.7,2.44086,,12.1,,987.522581,33.880645,25.061935,17.606452,63.306452,,
82659,31/08/2014,0000,5,0.750538,2.2,292.4,136.714405,18.394123,302.3,1.698925,,14.7,,986.355914,35.083871,25.383871,16.643333,56.427419,,
82659,30/09/2014,0000,5,0.712222,2.4,194.5,137.141414,27.435961,247.1,3.277778,,26.4,,985.31,34.543333,26.341333,19.144828,66.691667,,
82659,31/10/2014,0000,5,0.748387,1.8,177,142.79182,142.79182,184.1,5.096774,,161.5,,984.84086,32.516129,25.901935,19.835484,74.596774,,
82659,30/11/2014,0000,5,0.694641,1.2,98.5,139.675174,139.675174,168.4,6.1,,317.2,,983.931111,32.04,25.763333,20.476667,81.191667,,
82659,31/12/2014,0000,5,0.712472,1.02888,71.3,143.933927,143.933927,137.1,6.36828,,285,,984.427174,30.974194,25.330968,20.616129,82.637097,,
82659,31/01/2015,0000,5,0.948976,1.02888,,141.998536,141.998536,134.4,6.55914,,239.6,,985.353763,30.706452,24.927742,19.693548,82.717742,,
82659,28/02/2015,0000,32,1.016631,10.2888,,126.101994,126.101994,113.1,6.800595,,266.1,,985.257143,30.410714,24.748889,20.260714,84.651786,,
82659,31/03/2015,0000,32,0.929311,1.02888,,140.486085,140.486085,122.4,6.801075,,199.2,,984.830108,31.035484,25.520645,21.916129,84.645161,,

